# Blender 5.2.0 LTS
# www.blender.org
mtllib rook_white.mtl
o rook_white
v 0.000000 0.000000 -0.429540
v -0.007845 0.009059 -0.435471
v 0.007845 0.009059 -0.435471
v -0.005547 0.002653 -0.433443
v 0.000000 0.003829 -0.435875
v 0.000000 0.009059 -0.437637
v 0.005547 0.002653 -0.433443
v 0.000000 0.060000 -0.429540
v 0.007845 0.050941 -0.435471
v -0.007845 0.050941 -0.435471
v 0.005547 0.057347 -0.433443
v -0.000000 0.056171 -0.435875
v -0.000000 0.050941 -0.437637
v -0.005547 0.057347 -0.433443
v 0.371992 0.000000 -0.214770
v 0.373206 0.009059 -0.224529
v 0.381051 0.009059 -0.210941
v 0.372599 0.002653 -0.221526
v 0.377479 0.003829 -0.217938
v 0.379005 0.009059 -0.218819
v 0.378147 0.002653 -0.211918
v 0.371992 0.060000 -0.214770
v 0.381051 0.050941 -0.210941
v 0.373206 0.050941 -0.224529
v 0.378147 0.057347 -0.211918
v 0.377479 0.056171 -0.217938
v 0.379005 0.050941 -0.218818
v 0.372599 0.057347 -0.221526
v 0.371992 0.000000 0.214770
v 0.381051 0.009059 0.210941
v 0.373206 0.009059 0.224529
v 0.378147 0.002653 0.211918
v 0.377479 0.003829 0.217938
v 0.379005 0.009059 0.218818
v 0.372599 0.002653 0.221526
v 0.371992 0.060000 0.214770
v 0.373206 0.050941 0.224529
v 0.381051 0.050941 0.210941
v 0.372599 0.057347 0.221526
v 0.377479 0.056171 0.217938
v 0.379005 0.050941 0.218819
v 0.378147 0.057347 0.211918
v 0.000000 0.000000 0.429540
v 0.007845 0.009059 0.435471
v -0.007845 0.009059 0.435471
v 0.005547 0.002653 0.433443
v -0.000000 0.003829 0.435875
v -0.000000 0.009059 0.437637
v -0.005547 0.002653 0.433443
v 0.000000 0.060000 0.429540
v -0.007845 0.050941 0.435471
v 0.007845 0.050941 0.435471
v -0.005547 0.057347 0.433443
v 0.000000 0.056171 0.435875
v 0.000000 0.050941 0.437637
v 0.005547 0.057347 0.433443
v -0.371992 0.000000 0.214770
v -0.373206 0.009059 0.224529
v -0.381051 0.009059 0.210941
v -0.372599 0.002653 0.221526
v -0.377479 0.003829 0.217938
v -0.379005 0.009059 0.218819
v -0.378147 0.002653 0.211918
v -0.371992 0.060000 0.214770
v -0.381051 0.050941 0.210941
v -0.373206 0.050941 0.224529
v -0.378147 0.057347 0.211918
v -0.377479 0.056171 0.217938
v -0.379005 0.050941 0.218818
v -0.372599 0.057347 0.221526
v -0.371992 0.000000 -0.214770
v -0.381051 0.009059 -0.210941
v -0.373206 0.009059 -0.224529
v -0.378147 0.002653 -0.211918
v -0.377479 0.003829 -0.217938
v -0.379005 0.009059 -0.218818
v -0.372599 0.002653 -0.221526
v -0.371992 0.060000 -0.214770
v -0.373206 0.050941 -0.224529
v -0.381051 0.050941 -0.210941
v -0.372599 0.057347 -0.221526
v -0.377479 0.056171 -0.217938
v -0.379005 0.050941 -0.218819
v -0.378147 0.057347 -0.211918
v -0.000000 0.055000 -0.390898
v 0.000000 0.064059 -0.400000
v -0.000000 0.057653 -0.397334
v 0.000000 0.105000 -0.390898
v 0.000000 0.095941 -0.400000
v 0.000000 0.102347 -0.397334
v 0.076260 0.055000 -0.383386
v 0.078036 0.064059 -0.392314
v 0.077516 0.057653 -0.389699
v 0.076260 0.105000 -0.383386
v 0.078036 0.095941 -0.392314
v 0.077516 0.102347 -0.389699
v 0.149590 0.055000 -0.361142
v 0.153073 0.064059 -0.369552
v 0.152053 0.057653 -0.367089
v 0.149590 0.105000 -0.361142
v 0.153073 0.095941 -0.369552
v 0.152053 0.102347 -0.367089
v 0.217171 0.055000 -0.325019
v 0.222228 0.064059 -0.332588
v 0.220747 0.057653 -0.330371
v 0.217171 0.105000 -0.325019
v 0.222228 0.095941 -0.332588
v 0.220747 0.102347 -0.330371
v 0.276406 0.055000 -0.276406
v 0.282843 0.064059 -0.282843
v 0.280958 0.057653 -0.280958
v 0.276406 0.105000 -0.276406
v 0.282843 0.095941 -0.282843
v 0.280958 0.102347 -0.280958
v 0.325019 0.055000 -0.217171
v 0.332588 0.064059 -0.222228
v 0.330371 0.057653 -0.220747
v 0.325019 0.105000 -0.217171
v 0.332588 0.095941 -0.222228
v 0.330371 0.102347 -0.220747
v 0.361142 0.055000 -0.149590
v 0.369552 0.064059 -0.153073
v 0.367089 0.057653 -0.152053
v 0.361142 0.105000 -0.149590
v 0.369552 0.095941 -0.153073
v 0.367089 0.102347 -0.152053
v 0.383386 0.055000 -0.076260
v 0.392314 0.064059 -0.078036
v 0.389699 0.057653 -0.077516
v 0.383386 0.105000 -0.076260
v 0.392314 0.095941 -0.078036
v 0.389699 0.102347 -0.077516
v 0.390898 0.055000 -0.000000
v 0.400000 0.064059 0.000000
v 0.397334 0.057653 -0.000000
v 0.390898 0.105000 0.000000
v 0.400000 0.095941 0.000000
v 0.397334 0.102347 0.000000
v 0.383386 0.055000 0.076260
v 0.392314 0.064059 0.078036
v 0.389699 0.057653 0.077516
v 0.383386 0.105000 0.076260
v 0.392314 0.095941 0.078036
v 0.389699 0.102347 0.077516
v 0.361142 0.055000 0.149590
v 0.369552 0.064059 0.153073
v 0.367089 0.057653 0.152053
v 0.361142 0.105000 0.149590
v 0.369552 0.095941 0.153073
v 0.367089 0.102347 0.152053
v 0.325019 0.055000 0.217171
v 0.332588 0.064059 0.222228
v 0.330371 0.057653 0.220747
v 0.325019 0.105000 0.217171
v 0.332588 0.095941 0.222228
v 0.330371 0.102347 0.220747
v 0.276406 0.055000 0.276406
v 0.282843 0.064059 0.282843
v 0.280958 0.057653 0.280958
v 0.276406 0.105000 0.276406
v 0.282843 0.095941 0.282843
v 0.280958 0.102347 0.280958
v 0.217171 0.055000 0.325019
v 0.222228 0.064059 0.332588
v 0.220747 0.057653 0.330371
v 0.217171 0.105000 0.325019
v 0.222228 0.095941 0.332588
v 0.220747 0.102347 0.330371
v 0.149590 0.055000 0.361142
v 0.153073 0.064059 0.369552
v 0.152053 0.057653 0.367089
v 0.149590 0.105000 0.361142
v 0.153073 0.095941 0.369552
v 0.152053 0.102347 0.367089
v 0.076260 0.055000 0.383386
v 0.078036 0.064059 0.392314
v 0.077516 0.057653 0.389699
v 0.076260 0.105000 0.383386
v 0.078036 0.095941 0.392314
v 0.077516 0.102347 0.389699
v 0.000000 0.055000 0.390898
v 0.000000 0.064059 0.400000
v 0.000000 0.057653 0.397334
v -0.000000 0.105000 0.390898
v 0.000000 0.095941 0.400000
v -0.000000 0.102347 0.397334
v -0.076260 0.055000 0.383386
v -0.078036 0.064059 0.392314
v -0.077516 0.057653 0.389699
v -0.076260 0.105000 0.383386
v -0.078036 0.095941 0.392314
v -0.077516 0.102347 0.389699
v -0.149590 0.055000 0.361142
v -0.153073 0.064059 0.369552
v -0.152053 0.057653 0.367089
v -0.149590 0.105000 0.361142
v -0.153073 0.095941 0.369552
v -0.152053 0.102347 0.367089
v -0.217171 0.055000 0.325019
v -0.222228 0.064059 0.332588
v -0.220747 0.057653 0.330371
v -0.217171 0.105000 0.325019
v -0.222228 0.095941 0.332588
v -0.220747 0.102347 0.330371
v -0.276406 0.055000 0.276406
v -0.282843 0.064059 0.282843
v -0.280958 0.057653 0.280958
v -0.276406 0.105000 0.276406
v -0.282843 0.095941 0.282843
v -0.280958 0.102347 0.280958
v -0.325019 0.055000 0.217171
v -0.332588 0.064059 0.222228
v -0.330371 0.057653 0.220747
v -0.325019 0.105000 0.217171
v -0.332588 0.095941 0.222228
v -0.330371 0.102347 0.220747
v -0.361142 0.055000 0.149590
v -0.369552 0.064059 0.153073
v -0.367089 0.057653 0.152053
v -0.361142 0.105000 0.149590
v -0.369552 0.095941 0.153073
v -0.367089 0.102347 0.152053
v -0.383386 0.055000 0.076260
v -0.392314 0.064059 0.078036
v -0.389699 0.057653 0.077516
v -0.383386 0.105000 0.076260
v -0.392314 0.095941 0.078036
v -0.389699 0.102347 0.077516
v -0.390898 0.055000 0.000000
v -0.400000 0.064059 0.000000
v -0.397334 0.057653 0.000000
v -0.390898 0.105000 -0.000000
v -0.400000 0.095941 0.000000
v -0.397334 0.102347 -0.000000
v -0.383386 0.055000 -0.076260
v -0.392314 0.064059 -0.078036
v -0.389699 0.057653 -0.077516
v -0.383386 0.105000 -0.076260
v -0.392314 0.095941 -0.078036
v -0.389699 0.102347 -0.077516
v -0.361142 0.055000 -0.149590
v -0.369552 0.064059 -0.153073
v -0.367089 0.057653 -0.152053
v -0.361142 0.105000 -0.149590
v -0.369552 0.095941 -0.153073
v -0.367089 0.102347 -0.152053
v -0.325019 0.055000 -0.217171
v -0.332588 0.064059 -0.222228
v -0.330371 0.057653 -0.220747
v -0.325019 0.105000 -0.217171
v -0.332588 0.095941 -0.222228
v -0.330371 0.102347 -0.220747
v -0.276406 0.055000 -0.276406
v -0.282843 0.064059 -0.282843
v -0.280958 0.057653 -0.280958
v -0.276406 0.105000 -0.276406
v -0.282843 0.095941 -0.282843
v -0.280958 0.102347 -0.280958
v -0.217171 0.055000 -0.325019
v -0.222228 0.064059 -0.332588
v -0.220747 0.057653 -0.330371
v -0.217171 0.105000 -0.325019
v -0.222228 0.095941 -0.332588
v -0.220747 0.102347 -0.330371
v -0.149590 0.055000 -0.361142
v -0.153073 0.064059 -0.369552
v -0.152053 0.057653 -0.367089
v -0.149590 0.105000 -0.361142
v -0.153073 0.095941 -0.369552
v -0.152053 0.102347 -0.367089
v -0.076260 0.055000 -0.383386
v -0.078036 0.064059 -0.392314
v -0.077516 0.057653 -0.389699
v -0.076260 0.105000 -0.383386
v -0.078036 0.095941 -0.392314
v -0.077516 0.102347 -0.389699
v 0.000000 0.100000 -0.370898
v 0.000000 0.109059 -0.380000
v 0.000000 0.102653 -0.377334
v -0.000000 0.140000 -0.370898
v 0.000000 0.130941 -0.380000
v -0.000000 0.137347 -0.377334
v 0.072359 0.100000 -0.363771
v 0.074134 0.109059 -0.372698
v 0.073614 0.102653 -0.370084
v 0.072359 0.140000 -0.363771
v 0.074134 0.130941 -0.372698
v 0.073614 0.137347 -0.370084
v 0.141936 0.100000 -0.342665
v 0.145420 0.109059 -0.351074
v 0.144399 0.102653 -0.348611
v 0.141936 0.140000 -0.342665
v 0.145420 0.130941 -0.351074
v 0.144399 0.137347 -0.348611
v 0.206060 0.100000 -0.308390
v 0.211117 0.109059 -0.315958
v 0.209636 0.102653 -0.313742
v 0.206060 0.140000 -0.308390
v 0.211117 0.130941 -0.315958
v 0.209636 0.137347 -0.313742
v 0.262264 0.100000 -0.262264
v 0.268701 0.109059 -0.268701
v 0.266815 0.102653 -0.266815
v 0.262264 0.140000 -0.262264
v 0.268701 0.130941 -0.268701
v 0.266815 0.137347 -0.266815
v 0.308390 0.100000 -0.206060
v 0.315958 0.109059 -0.211117
v 0.313742 0.102653 -0.209636
v 0.308390 0.140000 -0.206060
v 0.315958 0.130941 -0.211117
v 0.313742 0.137347 -0.209636
v 0.342665 0.100000 -0.141936
v 0.351074 0.109059 -0.145420
v 0.348611 0.102653 -0.144399
v 0.342665 0.140000 -0.141936
v 0.351074 0.130941 -0.145420
v 0.348611 0.137347 -0.144399
v 0.363771 0.100000 -0.072359
v 0.372698 0.109059 -0.074134
v 0.370084 0.102653 -0.073614
v 0.363771 0.140000 -0.072359
v 0.372698 0.130941 -0.074134
v 0.370084 0.137347 -0.073614
v 0.370898 0.100000 0.000000
v 0.380000 0.109059 0.000000
v 0.377334 0.102653 0.000000
v 0.370898 0.140000 -0.000000
v 0.380000 0.130941 0.000000
v 0.377334 0.137347 -0.000000
v 0.363771 0.100000 0.072359
v 0.372698 0.109059 0.074134
v 0.370084 0.102653 0.073614
v 0.363771 0.140000 0.072359
v 0.372698 0.130941 0.074134
v 0.370084 0.137347 0.073614
v 0.342665 0.100000 0.141936
v 0.351074 0.109059 0.145420
v 0.348611 0.102653 0.144399
v 0.342665 0.140000 0.141936
v 0.351074 0.130941 0.145420
v 0.348611 0.137347 0.144399
v 0.308390 0.100000 0.206060
v 0.315958 0.109059 0.211117
v 0.313742 0.102653 0.209636
v 0.308390 0.140000 0.206060
v 0.315958 0.130941 0.211117
v 0.313742 0.137347 0.209636
v 0.262264 0.100000 0.262264
v 0.268701 0.109059 0.268701
v 0.266815 0.102653 0.266815
v 0.262264 0.140000 0.262264
v 0.268701 0.130941 0.268701
v 0.266815 0.137347 0.266815
v 0.206060 0.100000 0.308390
v 0.211117 0.109059 0.315958
v 0.209636 0.102653 0.313742
v 0.206060 0.140000 0.308390
v 0.211117 0.130941 0.315958
v 0.209636 0.137347 0.313742
v 0.141936 0.100000 0.342665
v 0.145420 0.109059 0.351074
v 0.144399 0.102653 0.348611
v 0.141936 0.140000 0.342665
v 0.145420 0.130941 0.351074
v 0.144399 0.137347 0.348611
v 0.072359 0.100000 0.363771
v 0.074134 0.109059 0.372698
v 0.073614 0.102653 0.370084
v 0.072359 0.140000 0.363771
v 0.074134 0.130941 0.372698
v 0.073614 0.137347 0.370084
v -0.000000 0.100000 0.370898
v 0.000000 0.109059 0.380000
v -0.000000 0.102653 0.377334
v 0.000000 0.140000 0.370898
v 0.000000 0.130941 0.380000
v 0.000000 0.137347 0.377334
v -0.072359 0.100000 0.363771
v -0.074134 0.109059 0.372698
v -0.073614 0.102653 0.370084
v -0.072359 0.140000 0.363771
v -0.074134 0.130941 0.372698
v -0.073614 0.137347 0.370084
v -0.141936 0.100000 0.342665
v -0.145420 0.109059 0.351074
v -0.144399 0.102653 0.348611
v -0.141936 0.140000 0.342665
v -0.145420 0.130941 0.351074
v -0.144399 0.137347 0.348611
v -0.206060 0.100000 0.308390
v -0.211117 0.109059 0.315958
v -0.209636 0.102653 0.313742
v -0.206060 0.140000 0.308390
v -0.211117 0.130941 0.315958
v -0.209636 0.137347 0.313742
v -0.262264 0.100000 0.262264
v -0.268701 0.109059 0.268701
v -0.266815 0.102653 0.266815
v -0.262264 0.140000 0.262264
v -0.268701 0.130941 0.268701
v -0.266815 0.137347 0.266815
v -0.308390 0.100000 0.206060
v -0.315958 0.109059 0.211117
v -0.313742 0.102653 0.209636
v -0.308390 0.140000 0.206060
v -0.315958 0.130941 0.211117
v -0.313742 0.137347 0.209636
v -0.342665 0.100000 0.141936
v -0.351074 0.109059 0.145420
v -0.348611 0.102653 0.144399
v -0.342665 0.140000 0.141936
v -0.351074 0.130941 0.145420
v -0.348611 0.137347 0.144399
v -0.363771 0.100000 0.072359
v -0.372698 0.109059 0.074134
v -0.370084 0.102653 0.073614
v -0.363771 0.140000 0.072359
v -0.372698 0.130941 0.074134
v -0.370084 0.137347 0.073614
v -0.370898 0.100000 -0.000000
v -0.380000 0.109059 0.000000
v -0.377334 0.102653 -0.000000
v -0.370898 0.140000 0.000000
v -0.380000 0.130941 0.000000
v -0.377334 0.137347 0.000000
v -0.363771 0.100000 -0.072359
v -0.372698 0.109059 -0.074134
v -0.370084 0.102653 -0.073614
v -0.363771 0.140000 -0.072359
v -0.372698 0.130941 -0.074134
v -0.370084 0.137347 -0.073614
v -0.342665 0.100000 -0.141936
v -0.351074 0.109059 -0.145420
v -0.348611 0.102653 -0.144399
v -0.342665 0.140000 -0.141936
v -0.351074 0.130941 -0.145420
v -0.348611 0.137347 -0.144399
v -0.308390 0.100000 -0.206060
v -0.315958 0.109059 -0.211117
v -0.313742 0.102653 -0.209636
v -0.308390 0.140000 -0.206060
v -0.315958 0.130941 -0.211117
v -0.313742 0.137347 -0.209636
v -0.262264 0.100000 -0.262264
v -0.268701 0.109059 -0.268701
v -0.266815 0.102653 -0.266815
v -0.262264 0.140000 -0.262264
v -0.268701 0.130941 -0.268701
v -0.266815 0.137347 -0.266815
v -0.206060 0.100000 -0.308390
v -0.211117 0.109059 -0.315958
v -0.209636 0.102653 -0.313742
v -0.206060 0.140000 -0.308390
v -0.211117 0.130941 -0.315958
v -0.209636 0.137347 -0.313742
v -0.141936 0.100000 -0.342665
v -0.145420 0.109059 -0.351074
v -0.144399 0.102653 -0.348611
v -0.141936 0.140000 -0.342665
v -0.145420 0.130941 -0.351074
v -0.144399 0.137347 -0.348611
v -0.072359 0.100000 -0.363771
v -0.074134 0.109059 -0.372698
v -0.073614 0.102653 -0.370084
v -0.072359 0.140000 -0.363771
v -0.074134 0.130941 -0.372698
v -0.073614 0.137347 -0.370084
v -0.220941 0.100000 0.090941
v -0.220941 0.109059 0.100000
v -0.230000 0.109059 0.090941
v -0.220941 0.102653 0.097347
v -0.226171 0.103829 0.096171
v -0.227347 0.109059 0.097347
v -0.227347 0.102653 0.090941
v -0.220941 0.410941 0.100000
v -0.220941 0.420000 0.090941
v -0.230000 0.410941 0.090941
v -0.220941 0.417347 0.097347
v -0.226171 0.416171 0.096171
v -0.227347 0.417347 0.090941
v -0.227347 0.410941 0.097347
v -0.220941 0.100000 -0.090941
v -0.230000 0.109059 -0.090941
v -0.220941 0.109059 -0.100000
v -0.227347 0.102653 -0.090941
v -0.226171 0.103829 -0.096171
v -0.227347 0.109059 -0.097347
v -0.220941 0.102653 -0.097347
v -0.220941 0.420000 -0.090941
v -0.220941 0.410941 -0.100000
v -0.230000 0.410941 -0.090941
v -0.220941 0.417347 -0.097347
v -0.226171 0.416171 -0.096171
v -0.227347 0.410941 -0.097347
v -0.227347 0.417347 -0.090941
v -0.079059 0.100000 0.090941
v -0.070000 0.109059 0.090941
v -0.079059 0.109059 0.100000
v -0.072653 0.102653 0.090941
v -0.073829 0.103829 0.096171
v -0.072653 0.109059 0.097347
v -0.079059 0.102653 0.097347
v -0.079059 0.420000 0.090941
v -0.079059 0.410941 0.100000
v -0.070000 0.410941 0.090941
v -0.079059 0.417347 0.097347
v -0.073829 0.416171 0.096171
v -0.072653 0.410941 0.097347
v -0.072653 0.417347 0.090941
v -0.079059 0.100000 -0.090941
v -0.079059 0.109059 -0.100000
v -0.070000 0.109059 -0.090941
v -0.079059 0.102653 -0.097347
v -0.073829 0.103829 -0.096171
v -0.072653 0.109059 -0.097347
v -0.072653 0.102653 -0.090941
v -0.079059 0.420000 -0.090941
v -0.070000 0.410941 -0.090941
v -0.079059 0.410941 -0.100000
v -0.072653 0.417347 -0.090941
v -0.073829 0.416171 -0.096171
v -0.072653 0.410941 -0.097347
v -0.079059 0.417347 -0.097347
v -0.210941 0.280000 -0.049059
v -0.210941 0.289059 -0.040000
v -0.220000 0.289059 -0.049059
v -0.210941 0.282653 -0.042653
v -0.216171 0.283829 -0.043829
v -0.217347 0.289059 -0.042653
v -0.217347 0.282653 -0.049059
v -0.210941 0.390941 -0.040000
v -0.210941 0.400000 -0.049059
v -0.220000 0.390941 -0.049059
v -0.210941 0.397347 -0.042653
v -0.216171 0.396171 -0.043829
v -0.217347 0.397347 -0.049059
v -0.217347 0.390941 -0.042653
v -0.210941 0.280000 -0.110941
v -0.220000 0.289059 -0.110941
v -0.210941 0.289059 -0.120000
v -0.217347 0.282653 -0.110941
v -0.216171 0.283829 -0.116171
v -0.217347 0.289059 -0.117347
v -0.210941 0.282653 -0.117347
v -0.210941 0.400000 -0.110941
v -0.210941 0.390941 -0.120000
v -0.220000 0.390941 -0.110941
v -0.210941 0.397347 -0.117347
v -0.216171 0.396171 -0.116171
v -0.217347 0.390941 -0.117347
v -0.217347 0.397347 -0.110941
v -0.089059 0.280000 -0.049059
v -0.080000 0.289059 -0.049059
v -0.089059 0.289059 -0.040000
v -0.082653 0.282653 -0.049059
v -0.083829 0.283829 -0.043829
v -0.082653 0.289059 -0.042653
v -0.089059 0.282653 -0.042653
v -0.089059 0.400000 -0.049059
v -0.089059 0.390941 -0.040000
v -0.080000 0.390941 -0.049059
v -0.089059 0.397347 -0.042653
v -0.083829 0.396171 -0.043829
v -0.082653 0.390941 -0.042653
v -0.082653 0.397347 -0.049059
v -0.089059 0.280000 -0.110941
v -0.089059 0.289059 -0.120000
v -0.080000 0.289059 -0.110941
v -0.089059 0.282653 -0.117347
v -0.083829 0.283829 -0.116171
v -0.082653 0.289059 -0.117347
v -0.082653 0.282653 -0.110941
v -0.089059 0.400000 -0.110941
v -0.080000 0.390941 -0.110941
v -0.089059 0.390941 -0.120000
v -0.082653 0.397347 -0.110941
v -0.083829 0.396171 -0.116171
v -0.082653 0.390941 -0.117347
v -0.089059 0.397347 -0.117347
v 0.079059 0.100000 0.090941
v 0.079059 0.109059 0.100000
v 0.070000 0.109059 0.090941
v 0.079059 0.102653 0.097347
v 0.073829 0.103829 0.096171
v 0.072653 0.109059 0.097347
v 0.072653 0.102653 0.090941
v 0.079059 0.410941 0.100000
v 0.079059 0.420000 0.090941
v 0.070000 0.410941 0.090941
v 0.079059 0.417347 0.097347
v 0.073829 0.416171 0.096171
v 0.072653 0.417347 0.090941
v 0.072653 0.410941 0.097347
v 0.079059 0.100000 -0.090941
v 0.070000 0.109059 -0.090941
v 0.079059 0.109059 -0.100000
v 0.072653 0.102653 -0.090941
v 0.073829 0.103829 -0.096171
v 0.072653 0.109059 -0.097347
v 0.079059 0.102653 -0.097347
v 0.079059 0.420000 -0.090941
v 0.079059 0.410941 -0.100000
v 0.070000 0.410941 -0.090941
v 0.079059 0.417347 -0.097347
v 0.073829 0.416171 -0.096171
v 0.072653 0.410941 -0.097347
v 0.072653 0.417347 -0.090941
v 0.220941 0.100000 0.090941
v 0.230000 0.109059 0.090941
v 0.220941 0.109059 0.100000
v 0.227347 0.102653 0.090941
v 0.226171 0.103829 0.096171
v 0.227347 0.109059 0.097347
v 0.220941 0.102653 0.097347
v 0.220941 0.420000 0.090941
v 0.220941 0.410941 0.100000
v 0.230000 0.410941 0.090941
v 0.220941 0.417347 0.097347
v 0.226171 0.416171 0.096171
v 0.227347 0.410941 0.097347
v 0.227347 0.417347 0.090941
v 0.220941 0.100000 -0.090941
v 0.220941 0.109059 -0.100000
v 0.230000 0.109059 -0.090941
v 0.220941 0.102653 -0.097347
v 0.226171 0.103829 -0.096171
v 0.227347 0.109059 -0.097347
v 0.227347 0.102653 -0.090941
v 0.220941 0.420000 -0.090941
v 0.230000 0.410941 -0.090941
v 0.220941 0.410941 -0.100000
v 0.227347 0.417347 -0.090941
v 0.226171 0.416171 -0.096171
v 0.227347 0.410941 -0.097347
v 0.220941 0.417347 -0.097347
v 0.089059 0.280000 -0.049059
v 0.089059 0.289059 -0.040000
v 0.080000 0.289059 -0.049059
v 0.089059 0.282653 -0.042653
v 0.083829 0.283829 -0.043829
v 0.082653 0.289059 -0.042653
v 0.082653 0.282653 -0.049059
v 0.089059 0.390941 -0.040000
v 0.089059 0.400000 -0.049059
v 0.080000 0.390941 -0.049059
v 0.089059 0.397347 -0.042653
v 0.083829 0.396171 -0.043829
v 0.082653 0.397347 -0.049059
v 0.082653 0.390941 -0.042653
v 0.089059 0.280000 -0.110941
v 0.080000 0.289059 -0.110941
v 0.089059 0.289059 -0.120000
v 0.082653 0.282653 -0.110941
v 0.083829 0.283829 -0.116171
v 0.082653 0.289059 -0.117347
v 0.089059 0.282653 -0.117347
v 0.089059 0.400000 -0.110941
v 0.089059 0.390941 -0.120000
v 0.080000 0.390941 -0.110941
v 0.089059 0.397347 -0.117347
v 0.083829 0.396171 -0.116171
v 0.082653 0.390941 -0.117347
v 0.082653 0.397347 -0.110941
v 0.210941 0.280000 -0.049059
v 0.220000 0.289059 -0.049059
v 0.210941 0.289059 -0.040000
v 0.217347 0.282653 -0.049059
v 0.216171 0.283829 -0.043829
v 0.217347 0.289059 -0.042653
v 0.210941 0.282653 -0.042653
v 0.210941 0.400000 -0.049059
v 0.210941 0.390941 -0.040000
v 0.220000 0.390941 -0.049059
v 0.210941 0.397347 -0.042653
v 0.216171 0.396171 -0.043829
v 0.217347 0.390941 -0.042653
v 0.217347 0.397347 -0.049059
v 0.210941 0.280000 -0.110941
v 0.210941 0.289059 -0.120000
v 0.220000 0.289059 -0.110941
v 0.210941 0.282653 -0.117347
v 0.216171 0.283829 -0.116171
v 0.217347 0.289059 -0.117347
v 0.217347 0.282653 -0.110941
v 0.210941 0.400000 -0.110941
v 0.220000 0.390941 -0.110941
v 0.210941 0.390941 -0.120000
v 0.217347 0.397347 -0.110941
v 0.216171 0.396171 -0.116171
v 0.217347 0.390941 -0.117347
v 0.210941 0.397347 -0.117347
v -0.220941 0.430000 0.160941
v -0.220941 0.439059 0.170000
v -0.230000 0.439059 0.160941
v -0.220941 0.432653 0.167347
v -0.226171 0.433829 0.166171
v -0.227347 0.439059 0.167347
v -0.227347 0.432653 0.160941
v -0.220941 0.800941 0.170000
v -0.220941 0.810000 0.160941
v -0.230000 0.800941 0.160941
v -0.220941 0.807347 0.167347
v -0.226171 0.806171 0.166171
v -0.227347 0.807347 0.160941
v -0.227347 0.800941 0.167347
v -0.220941 0.430000 -0.160941
v -0.230000 0.439059 -0.160941
v -0.220941 0.439059 -0.170000
v -0.227347 0.432653 -0.160941
v -0.226171 0.433829 -0.166171
v -0.227347 0.439059 -0.167347
v -0.220941 0.432653 -0.167347
v -0.220941 0.810000 -0.160941
v -0.220941 0.800941 -0.170000
v -0.230000 0.800941 -0.160941
v -0.220941 0.807347 -0.167347
v -0.226171 0.806171 -0.166171
v -0.227347 0.800941 -0.167347
v -0.227347 0.807347 -0.160941
v 0.220941 0.430000 0.160941
v 0.230000 0.439059 0.160941
v 0.220941 0.439059 0.170000
v 0.227347 0.432653 0.160941
v 0.226171 0.433829 0.166171
v 0.227347 0.439059 0.167347
v 0.220941 0.432653 0.167347
v 0.220941 0.810000 0.160941
v 0.220941 0.800941 0.170000
v 0.230000 0.800941 0.160941
v 0.220941 0.807347 0.167347
v 0.226171 0.806171 0.166171
v 0.227347 0.800941 0.167347
v 0.227347 0.807347 0.160941
v 0.220941 0.430000 -0.160941
v 0.220941 0.439059 -0.170000
v 0.230000 0.439059 -0.160941
v 0.220941 0.432653 -0.167347
v 0.226171 0.433829 -0.166171
v 0.227347 0.439059 -0.167347
v 0.227347 0.432653 -0.160941
v 0.220941 0.810000 -0.160941
v 0.230000 0.800941 -0.160941
v 0.220941 0.800941 -0.170000
v 0.227347 0.807347 -0.160941
v 0.226171 0.806171 -0.166171
v 0.227347 0.800941 -0.167347
v 0.220941 0.807347 -0.167347
v -0.200941 0.510000 -0.139059
v -0.200941 0.519059 -0.130000
v -0.210000 0.519059 -0.139059
v -0.200941 0.512653 -0.132653
v -0.206171 0.513829 -0.133829
v -0.207347 0.519059 -0.132653
v -0.207347 0.512653 -0.139059
v -0.200941 0.760941 -0.130000
v -0.200941 0.770000 -0.139059
v -0.210000 0.760941 -0.139059
v -0.200941 0.767347 -0.132653
v -0.206171 0.766171 -0.133829
v -0.207347 0.767347 -0.139059
v -0.207347 0.760941 -0.132653
v -0.200941 0.510000 -0.180941
v -0.210000 0.519059 -0.180941
v -0.200941 0.519059 -0.190000
v -0.207347 0.512653 -0.180941
v -0.206171 0.513829 -0.186171
v -0.207347 0.519059 -0.187347
v -0.200941 0.512653 -0.187347
v -0.200941 0.770000 -0.180941
v -0.200941 0.760941 -0.190000
v -0.210000 0.760941 -0.180941
v -0.200941 0.767347 -0.187347
v -0.206171 0.766171 -0.186171
v -0.207347 0.760941 -0.187347
v -0.207347 0.767347 -0.180941
v -0.039059 0.510000 -0.139059
v -0.030000 0.519059 -0.139059
v -0.039059 0.519059 -0.130000
v -0.032653 0.512653 -0.139059
v -0.033829 0.513829 -0.133829
v -0.032653 0.519059 -0.132653
v -0.039059 0.512653 -0.132653
v -0.039059 0.770000 -0.139059
v -0.039059 0.760941 -0.130000
v -0.030000 0.760941 -0.139059
v -0.039059 0.767347 -0.132653
v -0.033829 0.766171 -0.133829
v -0.032653 0.760941 -0.132653
v -0.032653 0.767347 -0.139059
v -0.039059 0.510000 -0.180941
v -0.039059 0.519059 -0.190000
v -0.030000 0.519059 -0.180941
v -0.039059 0.512653 -0.187347
v -0.033829 0.513829 -0.186171
v -0.032653 0.519059 -0.187347
v -0.032653 0.512653 -0.180941
v -0.039059 0.770000 -0.180941
v -0.030000 0.760941 -0.180941
v -0.039059 0.760941 -0.190000
v -0.032653 0.767347 -0.180941
v -0.033829 0.766171 -0.186171
v -0.032653 0.760941 -0.187347
v -0.039059 0.767347 -0.187347
v 0.039059 0.510000 -0.139059
v 0.039059 0.519059 -0.130000
v 0.030000 0.519059 -0.139059
v 0.039059 0.512653 -0.132653
v 0.033829 0.513829 -0.133829
v 0.032653 0.519059 -0.132653
v 0.032653 0.512653 -0.139059
v 0.039059 0.760941 -0.130000
v 0.039059 0.770000 -0.139059
v 0.030000 0.760941 -0.139059
v 0.039059 0.767347 -0.132653
v 0.033829 0.766171 -0.133829
v 0.032653 0.767347 -0.139059
v 0.032653 0.760941 -0.132653
v 0.039059 0.510000 -0.180941
v 0.030000 0.519059 -0.180941
v 0.039059 0.519059 -0.190000
v 0.032653 0.512653 -0.180941
v 0.033829 0.513829 -0.186171
v 0.032653 0.519059 -0.187347
v 0.039059 0.512653 -0.187347
v 0.039059 0.770000 -0.180941
v 0.039059 0.760941 -0.190000
v 0.030000 0.760941 -0.180941
v 0.039059 0.767347 -0.187347
v 0.033829 0.766171 -0.186171
v 0.032653 0.760941 -0.187347
v 0.032653 0.767347 -0.180941
v 0.200941 0.510000 -0.139059
v 0.210000 0.519059 -0.139059
v 0.200941 0.519059 -0.130000
v 0.207347 0.512653 -0.139059
v 0.206171 0.513829 -0.133829
v 0.207347 0.519059 -0.132653
v 0.200941 0.512653 -0.132653
v 0.200941 0.770000 -0.139059
v 0.200941 0.760941 -0.130000
v 0.210000 0.760941 -0.139059
v 0.200941 0.767347 -0.132653
v 0.206171 0.766171 -0.133829
v 0.207347 0.760941 -0.132653
v 0.207347 0.767347 -0.139059
v 0.200941 0.510000 -0.180941
v 0.200941 0.519059 -0.190000
v 0.210000 0.519059 -0.180941
v 0.200941 0.512653 -0.187347
v 0.206171 0.513829 -0.186171
v 0.207347 0.519059 -0.187347
v 0.207347 0.512653 -0.180941
v 0.200941 0.770000 -0.180941
v 0.210000 0.760941 -0.180941
v 0.200941 0.760941 -0.190000
v 0.207347 0.767347 -0.180941
v 0.206171 0.766171 -0.186171
v 0.207347 0.760941 -0.187347
v 0.200941 0.767347 -0.187347
v -0.440941 0.680000 0.110941
v -0.440941 0.689059 0.120000
v -0.450000 0.689059 0.110941
v -0.440941 0.682653 0.117347
v -0.446171 0.683829 0.116171
v -0.447347 0.689059 0.117347
v -0.447347 0.682653 0.110941
v -0.440941 0.870941 0.120000
v -0.440941 0.880000 0.110941
v -0.450000 0.870941 0.110941
v -0.440941 0.877347 0.117347
v -0.446171 0.876171 0.116171
v -0.447347 0.877347 0.110941
v -0.447347 0.870941 0.117347
v -0.440941 0.680000 -0.110941
v -0.450000 0.689059 -0.110941
v -0.440941 0.689059 -0.120000
v -0.447347 0.682653 -0.110941
v -0.446171 0.683829 -0.116171
v -0.447347 0.689059 -0.117347
v -0.440941 0.682653 -0.117347
v -0.440941 0.880000 -0.110941
v -0.440941 0.870941 -0.120000
v -0.450000 0.870941 -0.110941
v -0.440941 0.877347 -0.117347
v -0.446171 0.876171 -0.116171
v -0.447347 0.870941 -0.117347
v -0.447347 0.877347 -0.110941
v -0.239059 0.680000 0.110941
v -0.230000 0.689059 0.110941
v -0.239059 0.689059 0.120000
v -0.232653 0.682653 0.110941
v -0.233829 0.683829 0.116171
v -0.232653 0.689059 0.117347
v -0.239059 0.682653 0.117347
v -0.239059 0.880000 0.110941
v -0.239059 0.870941 0.120000
v -0.230000 0.870941 0.110941
v -0.239059 0.877347 0.117347
v -0.233829 0.876171 0.116171
v -0.232653 0.870941 0.117347
v -0.232653 0.877347 0.110941
v -0.239059 0.680000 -0.110941
v -0.239059 0.689059 -0.120000
v -0.230000 0.689059 -0.110941
v -0.239059 0.682653 -0.117347
v -0.233829 0.683829 -0.116171
v -0.232653 0.689059 -0.117347
v -0.232653 0.682653 -0.110941
v -0.239059 0.880000 -0.110941
v -0.230000 0.870941 -0.110941
v -0.239059 0.870941 -0.120000
v -0.232653 0.877347 -0.110941
v -0.233829 0.876171 -0.116171
v -0.232653 0.870941 -0.117347
v -0.239059 0.877347 -0.117347
v 0.239059 0.680000 0.110941
v 0.239059 0.689059 0.120000
v 0.230000 0.689059 0.110941
v 0.239059 0.682653 0.117347
v 0.233829 0.683829 0.116171
v 0.232653 0.689059 0.117347
v 0.232653 0.682653 0.110941
v 0.239059 0.870941 0.120000
v 0.239059 0.880000 0.110941
v 0.230000 0.870941 0.110941
v 0.239059 0.877347 0.117347
v 0.233829 0.876171 0.116171
v 0.232653 0.877347 0.110941
v 0.232653 0.870941 0.117347
v 0.239059 0.680000 -0.110941
v 0.230000 0.689059 -0.110941
v 0.239059 0.689059 -0.120000
v 0.232653 0.682653 -0.110941
v 0.233829 0.683829 -0.116171
v 0.232653 0.689059 -0.117347
v 0.239059 0.682653 -0.117347
v 0.239059 0.880000 -0.110941
v 0.239059 0.870941 -0.120000
v 0.230000 0.870941 -0.110941
v 0.239059 0.877347 -0.117347
v 0.233829 0.876171 -0.116171
v 0.232653 0.870941 -0.117347
v 0.232653 0.877347 -0.110941
v 0.440941 0.680000 0.110941
v 0.450000 0.689059 0.110941
v 0.440941 0.689059 0.120000
v 0.447347 0.682653 0.110941
v 0.446171 0.683829 0.116171
v 0.447347 0.689059 0.117347
v 0.440941 0.682653 0.117347
v 0.440941 0.880000 0.110941
v 0.440941 0.870941 0.120000
v 0.450000 0.870941 0.110941
v 0.440941 0.877347 0.117347
v 0.446171 0.876171 0.116171
v 0.447347 0.870941 0.117347
v 0.447347 0.877347 0.110941
v 0.440941 0.680000 -0.110941
v 0.440941 0.689059 -0.120000
v 0.450000 0.689059 -0.110941
v 0.440941 0.682653 -0.117347
v 0.446171 0.683829 -0.116171
v 0.447347 0.689059 -0.117347
v 0.447347 0.682653 -0.110941
v 0.440941 0.880000 -0.110941
v 0.450000 0.870941 -0.110941
v 0.440941 0.870941 -0.120000
v 0.447347 0.877347 -0.110941
v 0.446171 0.876171 -0.116171
v 0.447347 0.870941 -0.117347
v 0.440941 0.877347 -0.117347
v -0.110941 0.790000 0.060941
v -0.110941 0.799059 0.070000
v -0.120000 0.799059 0.060941
v -0.110941 0.792653 0.067347
v -0.116171 0.793829 0.066171
v -0.117347 0.799059 0.067347
v -0.117347 0.792653 0.060941
v -0.110941 0.960941 0.070000
v -0.110941 0.970000 0.060941
v -0.120000 0.960941 0.060941
v -0.110941 0.967347 0.067347
v -0.116171 0.966171 0.066171
v -0.117347 0.967347 0.060941
v -0.117347 0.960941 0.067347
v -0.110941 0.790000 -0.140941
v -0.120000 0.799059 -0.140941
v -0.110941 0.799059 -0.150000
v -0.117347 0.792653 -0.140941
v -0.116171 0.793829 -0.146171
v -0.117347 0.799059 -0.147347
v -0.110941 0.792653 -0.147347
v -0.110941 0.970000 -0.140941
v -0.110941 0.960941 -0.150000
v -0.120000 0.960941 -0.140941
v -0.110941 0.967347 -0.147347
v -0.116171 0.966171 -0.146171
v -0.117347 0.960941 -0.147347
v -0.117347 0.967347 -0.140941
v 0.110941 0.790000 0.060941
v 0.120000 0.799059 0.060941
v 0.110941 0.799059 0.070000
v 0.117347 0.792653 0.060941
v 0.116171 0.793829 0.066171
v 0.117347 0.799059 0.067347
v 0.110941 0.792653 0.067347
v 0.110941 0.970000 0.060941
v 0.110941 0.960941 0.070000
v 0.120000 0.960941 0.060941
v 0.110941 0.967347 0.067347
v 0.116171 0.966171 0.066171
v 0.117347 0.960941 0.067347
v 0.117347 0.967347 0.060941
v 0.110941 0.790000 -0.140941
v 0.110941 0.799059 -0.150000
v 0.120000 0.799059 -0.140941
v 0.110941 0.792653 -0.147347
v 0.116171 0.793829 -0.146171
v 0.117347 0.799059 -0.147347
v 0.117347 0.792653 -0.140941
v 0.110941 0.970000 -0.140941
v 0.120000 0.960941 -0.140941
v 0.110941 0.960941 -0.150000
v 0.117347 0.967347 -0.140941
v 0.116171 0.966171 -0.146171
v 0.117347 0.960941 -0.147347
v 0.110941 0.967347 -0.147347
v -0.070941 0.860000 -0.129059
v -0.070941 0.869059 -0.120000
v -0.080000 0.869059 -0.129059
v -0.070941 0.862653 -0.122653
v -0.076171 0.863829 -0.123829
v -0.077347 0.869059 -0.122653
v -0.077347 0.862653 -0.129059
v -0.070941 0.890941 -0.120000
v -0.070941 0.900000 -0.129059
v -0.080000 0.890941 -0.129059
v -0.070941 0.897347 -0.122653
v -0.076171 0.896171 -0.123829
v -0.077347 0.897347 -0.129059
v -0.077347 0.890941 -0.122653
v -0.070941 0.860000 -0.150941
v -0.080000 0.869059 -0.150941
v -0.070941 0.869059 -0.160000
v -0.077347 0.862653 -0.150941
v -0.076171 0.863829 -0.156171
v -0.077347 0.869059 -0.157347
v -0.070941 0.862653 -0.157347
v -0.070941 0.900000 -0.150941
v -0.070941 0.890941 -0.160000
v -0.080000 0.890941 -0.150941
v -0.070941 0.897347 -0.157347
v -0.076171 0.896171 -0.156171
v -0.077347 0.890941 -0.157347
v -0.077347 0.897347 -0.150941
v 0.070941 0.860000 -0.129059
v 0.080000 0.869059 -0.129059
v 0.070941 0.869059 -0.120000
v 0.077347 0.862653 -0.129059
v 0.076171 0.863829 -0.123829
v 0.077347 0.869059 -0.122653
v 0.070941 0.862653 -0.122653
v 0.070941 0.900000 -0.129059
v 0.070941 0.890941 -0.120000
v 0.080000 0.890941 -0.129059
v 0.070941 0.897347 -0.122653
v 0.076171 0.896171 -0.123829
v 0.077347 0.890941 -0.122653
v 0.077347 0.897347 -0.129059
v 0.070941 0.860000 -0.150941
v 0.070941 0.869059 -0.160000
v 0.080000 0.869059 -0.150941
v 0.070941 0.862653 -0.157347
v 0.076171 0.863829 -0.156171
v 0.077347 0.869059 -0.157347
v 0.077347 0.862653 -0.150941
v 0.070941 0.900000 -0.150941
v 0.080000 0.890941 -0.150941
v 0.070941 0.890941 -0.160000
v 0.077347 0.897347 -0.150941
v 0.076171 0.896171 -0.156171
v 0.077347 0.890941 -0.157347
v 0.070941 0.897347 -0.157347
v 0.379059 0.255000 0.010941
v 0.379059 0.264059 0.020000
v 0.370000 0.264059 0.010941
v 0.379059 0.257653 0.017347
v 0.373829 0.258829 0.016171
v 0.372653 0.264059 0.017347
v 0.372653 0.257653 0.010941
v 0.379059 0.895941 0.020000
v 0.379059 0.905000 0.010941
v 0.370000 0.895941 0.010941
v 0.379059 0.902347 0.017347
v 0.373829 0.901171 0.016171
v 0.372653 0.902347 0.010941
v 0.372653 0.895941 0.017347
v 0.379059 0.255000 -0.290941
v 0.370000 0.264059 -0.290941
v 0.379059 0.264059 -0.300000
v 0.372653 0.257653 -0.290941
v 0.373829 0.258829 -0.296171
v 0.372653 0.264059 -0.297347
v 0.379059 0.257653 -0.297347
v 0.379059 0.905000 -0.290941
v 0.379059 0.895941 -0.300000
v 0.370000 0.895941 -0.290941
v 0.379059 0.902347 -0.297347
v 0.373829 0.901171 -0.296171
v 0.372653 0.895941 -0.297347
v 0.372653 0.902347 -0.290941
v 0.460941 0.255000 0.010941
v 0.470000 0.264059 0.010941
v 0.460941 0.264059 0.020000
v 0.467347 0.257653 0.010941
v 0.466171 0.258829 0.016171
v 0.467347 0.264059 0.017347
v 0.460941 0.257653 0.017347
v 0.460941 0.905000 0.010941
v 0.460941 0.895941 0.020000
v 0.470000 0.895941 0.010941
v 0.460941 0.902347 0.017347
v 0.466171 0.901171 0.016171
v 0.467347 0.895941 0.017347
v 0.467347 0.902347 0.010941
v 0.460941 0.255000 -0.290941
v 0.460941 0.264059 -0.300000
v 0.470000 0.264059 -0.290941
v 0.460941 0.257653 -0.297347
v 0.466171 0.258829 -0.296171
v 0.467347 0.264059 -0.297347
v 0.467347 0.257653 -0.290941
v 0.460941 0.905000 -0.290941
v 0.470000 0.895941 -0.290941
v 0.460941 0.895941 -0.300000
v 0.467347 0.902347 -0.290941
v 0.466171 0.901171 -0.296171
v 0.467347 0.895941 -0.297347
v 0.460941 0.902347 -0.297347
v 0.379059 0.900000 -0.019059
v 0.379059 0.909059 -0.010000
v 0.370000 0.909059 -0.019059
v 0.379059 0.902653 -0.012653
v 0.373829 0.903829 -0.013829
v 0.372653 0.909059 -0.012653
v 0.372653 0.902653 -0.019059
v 0.379059 0.970941 -0.010000
v 0.379059 0.980000 -0.019059
v 0.370000 0.970941 -0.019059
v 0.379059 0.977347 -0.012653
v 0.373829 0.976171 -0.013829
v 0.372653 0.977347 -0.019059
v 0.372653 0.970941 -0.012653
v 0.379059 0.900000 -0.060941
v 0.370000 0.909059 -0.060941
v 0.379059 0.909059 -0.070000
v 0.372653 0.902653 -0.060941
v 0.373829 0.903829 -0.066171
v 0.372653 0.909059 -0.067347
v 0.379059 0.902653 -0.067347
v 0.379059 0.980000 -0.060941
v 0.379059 0.970941 -0.070000
v 0.370000 0.970941 -0.060941
v 0.379059 0.977347 -0.067347
v 0.373829 0.976171 -0.066171
v 0.372653 0.970941 -0.067347
v 0.372653 0.977347 -0.060941
v 0.460941 0.900000 -0.019059
v 0.470000 0.909059 -0.019059
v 0.460941 0.909059 -0.010000
v 0.467347 0.902653 -0.019059
v 0.466171 0.903829 -0.013829
v 0.467347 0.909059 -0.012653
v 0.460941 0.902653 -0.012653
v 0.460941 0.980000 -0.019059
v 0.460941 0.970941 -0.010000
v 0.470000 0.970941 -0.019059
v 0.460941 0.977347 -0.012653
v 0.466171 0.976171 -0.013829
v 0.467347 0.970941 -0.012653
v 0.467347 0.977347 -0.019059
v 0.460941 0.900000 -0.060941
v 0.460941 0.909059 -0.070000
v 0.470000 0.909059 -0.060941
v 0.460941 0.902653 -0.067347
v 0.466171 0.903829 -0.066171
v 0.467347 0.909059 -0.067347
v 0.467347 0.902653 -0.060941
v 0.460941 0.980000 -0.060941
v 0.470000 0.970941 -0.060941
v 0.460941 0.970941 -0.070000
v 0.467347 0.977347 -0.060941
v 0.466171 0.976171 -0.066171
v 0.467347 0.970941 -0.067347
v 0.460941 0.977347 -0.067347
v 0.379059 0.900000 -0.119059
v 0.379059 0.909059 -0.110000
v 0.370000 0.909059 -0.119059
v 0.379059 0.902653 -0.112653
v 0.373829 0.903829 -0.113829
v 0.372653 0.909059 -0.112653
v 0.372653 0.902653 -0.119059
v 0.379059 0.970941 -0.110000
v 0.379059 0.980000 -0.119059
v 0.370000 0.970941 -0.119059
v 0.379059 0.977347 -0.112653
v 0.373829 0.976171 -0.113829
v 0.372653 0.977347 -0.119059
v 0.372653 0.970941 -0.112653
v 0.379059 0.900000 -0.160941
v 0.370000 0.909059 -0.160941
v 0.379059 0.909059 -0.170000
v 0.372653 0.902653 -0.160941
v 0.373829 0.903829 -0.166171
v 0.372653 0.909059 -0.167347
v 0.379059 0.902653 -0.167347
v 0.379059 0.980000 -0.160941
v 0.379059 0.970941 -0.170000
v 0.370000 0.970941 -0.160941
v 0.379059 0.977347 -0.167347
v 0.373829 0.976171 -0.166171
v 0.372653 0.970941 -0.167347
v 0.372653 0.977347 -0.160941
v 0.460941 0.900000 -0.119059
v 0.470000 0.909059 -0.119059
v 0.460941 0.909059 -0.110000
v 0.467347 0.902653 -0.119059
v 0.466171 0.903829 -0.113829
v 0.467347 0.909059 -0.112653
v 0.460941 0.902653 -0.112653
v 0.460941 0.980000 -0.119059
v 0.460941 0.970941 -0.110000
v 0.470000 0.970941 -0.119059
v 0.460941 0.977347 -0.112653
v 0.466171 0.976171 -0.113829
v 0.467347 0.970941 -0.112653
v 0.467347 0.977347 -0.119059
v 0.460941 0.900000 -0.160941
v 0.460941 0.909059 -0.170000
v 0.470000 0.909059 -0.160941
v 0.460941 0.902653 -0.167347
v 0.466171 0.903829 -0.166171
v 0.467347 0.909059 -0.167347
v 0.467347 0.902653 -0.160941
v 0.460941 0.980000 -0.160941
v 0.470000 0.970941 -0.160941
v 0.460941 0.970941 -0.170000
v 0.467347 0.977347 -0.160941
v 0.466171 0.976171 -0.166171
v 0.467347 0.970941 -0.167347
v 0.460941 0.977347 -0.167347
v 0.379059 0.900000 -0.219059
v 0.379059 0.909059 -0.210000
v 0.370000 0.909059 -0.219059
v 0.379059 0.902653 -0.212653
v 0.373829 0.903829 -0.213829
v 0.372653 0.909059 -0.212653
v 0.372653 0.902653 -0.219059
v 0.379059 0.970941 -0.210000
v 0.379059 0.980000 -0.219059
v 0.370000 0.970941 -0.219059
v 0.379059 0.977347 -0.212653
v 0.373829 0.976171 -0.213829
v 0.372653 0.977347 -0.219059
v 0.372653 0.970941 -0.212653
v 0.379059 0.900000 -0.260941
v 0.370000 0.909059 -0.260941
v 0.379059 0.909059 -0.270000
v 0.372653 0.902653 -0.260941
v 0.373829 0.903829 -0.266171
v 0.372653 0.909059 -0.267347
v 0.379059 0.902653 -0.267347
v 0.379059 0.980000 -0.260941
v 0.379059 0.970941 -0.270000
v 0.370000 0.970941 -0.260941
v 0.379059 0.977347 -0.267347
v 0.373829 0.976171 -0.266171
v 0.372653 0.970941 -0.267347
v 0.372653 0.977347 -0.260941
v 0.460941 0.900000 -0.219059
v 0.470000 0.909059 -0.219059
v 0.460941 0.909059 -0.210000
v 0.467347 0.902653 -0.219059
v 0.466171 0.903829 -0.213829
v 0.467347 0.909059 -0.212653
v 0.460941 0.902653 -0.212653
v 0.460941 0.980000 -0.219059
v 0.460941 0.970941 -0.210000
v 0.470000 0.970941 -0.219059
v 0.460941 0.977347 -0.212653
v 0.466171 0.976171 -0.213829
v 0.467347 0.970941 -0.212653
v 0.467347 0.977347 -0.219059
v 0.460941 0.900000 -0.260941
v 0.460941 0.909059 -0.270000
v 0.470000 0.909059 -0.260941
v 0.460941 0.902653 -0.267347
v 0.466171 0.903829 -0.266171
v 0.467347 0.909059 -0.267347
v 0.467347 0.902653 -0.260941
v 0.460941 0.980000 -0.260941
v 0.470000 0.970941 -0.260941
v 0.460941 0.970941 -0.270000
v 0.467347 0.977347 -0.260941
v 0.466171 0.976171 -0.266171
v 0.467347 0.970941 -0.267347
v 0.460941 0.977347 -0.267347
v 0.479059 0.405000 -0.059059
v 0.479059 0.414059 -0.050000
v 0.470000 0.414059 -0.059059
v 0.479059 0.407653 -0.052653
v 0.473829 0.408829 -0.053829
v 0.472653 0.414059 -0.052653
v 0.472653 0.407653 -0.059059
v 0.479059 0.745941 -0.050000
v 0.479059 0.755000 -0.059059
v 0.470000 0.745941 -0.059059
v 0.479059 0.752347 -0.052653
v 0.473829 0.751171 -0.053829
v 0.472653 0.752347 -0.059059
v 0.472653 0.745941 -0.052653
v 0.479059 0.405000 -0.220941
v 0.470000 0.414059 -0.220941
v 0.479059 0.414059 -0.230000
v 0.472653 0.407653 -0.220941
v 0.473829 0.408829 -0.226171
v 0.472653 0.414059 -0.227347
v 0.479059 0.407653 -0.227347
v 0.479059 0.755000 -0.220941
v 0.479059 0.745941 -0.230000
v 0.470000 0.745941 -0.220941
v 0.479059 0.752347 -0.227347
v 0.473829 0.751171 -0.226171
v 0.472653 0.745941 -0.227347
v 0.472653 0.752347 -0.220941
v 0.480941 0.405000 -0.059059
v 0.490000 0.414059 -0.059059
v 0.480941 0.414059 -0.050000
v 0.487347 0.407653 -0.059059
v 0.486171 0.408829 -0.053829
v 0.487347 0.414059 -0.052653
v 0.480941 0.407653 -0.052653
v 0.480941 0.755000 -0.059059
v 0.480941 0.745941 -0.050000
v 0.490000 0.745941 -0.059059
v 0.480941 0.752347 -0.052653
v 0.486171 0.751171 -0.053829
v 0.487347 0.745941 -0.052653
v 0.487347 0.752347 -0.059059
v 0.480941 0.405000 -0.220941
v 0.480941 0.414059 -0.230000
v 0.490000 0.414059 -0.220941
v 0.480941 0.407653 -0.227347
v 0.486171 0.408829 -0.226171
v 0.487347 0.414059 -0.227347
v 0.487347 0.407653 -0.220941
v 0.480941 0.755000 -0.220941
v 0.490000 0.745941 -0.220941
v 0.480941 0.745941 -0.230000
v 0.487347 0.752347 -0.220941
v 0.486171 0.751171 -0.226171
v 0.487347 0.745941 -0.227347
v 0.480941 0.752347 -0.227347
v -0.373219 0.129681 -0.127584
v -0.381317 0.139397 -0.134521
v -0.363904 0.139397 -0.132774
v -0.377552 0.132853 -0.133081
v -0.372586 0.134165 -0.133891
v -0.372514 0.139494 -0.134609
v -0.367880 0.132853 -0.132111
v -0.381691 0.975435 -0.043149
v -0.372195 0.967123 -0.050139
v -0.389608 0.967123 -0.051886
v -0.376299 0.973327 -0.048203
v -0.380982 0.972300 -0.050217
v -0.380805 0.967220 -0.051974
v -0.385971 0.973327 -0.049174
v -0.360813 0.129338 -0.122906
v -0.355431 0.139163 -0.129579
v -0.356970 0.132552 -0.127997
v -0.369285 0.975092 -0.038472
v -0.363722 0.966889 -0.046944
v -0.365389 0.973025 -0.044090
v -0.352413 0.128402 -0.112685
v -0.349694 0.138523 -0.122598
v -0.342493 0.137010 -0.106720
v -0.349583 0.131728 -0.119009
v -0.346295 0.132549 -0.115065
v -0.345208 0.137815 -0.115056
v -0.345583 0.130888 -0.110189
v -0.360885 0.974156 -0.028251
v -0.350784 0.964737 -0.024085
v -0.357985 0.966250 -0.039963
v -0.354002 0.971362 -0.026281
v -0.354691 0.970684 -0.031391
v -0.353499 0.965542 -0.032421
v -0.358002 0.972202 -0.035102
v -0.350270 0.127123 -0.099659
v -0.341029 0.136137 -0.097823
v -0.343699 0.129763 -0.098734
v -0.358742 0.972877 -0.015225
v -0.349320 0.963863 -0.015188
v -0.352117 0.970237 -0.014826
v -0.354958 0.125844 -0.087319
v -0.347433 0.134390 -0.080966
v -0.349600 0.128153 -0.083199
v -0.363430 0.971598 -0.002884
v -0.355724 0.962116 0.001669
v -0.358019 0.968627 0.000708
v -0.365221 0.124908 -0.078970
v -0.361453 0.133111 -0.069562
v -0.362519 0.126975 -0.072690
v -0.373693 0.970662 0.005464
v -0.369744 0.960837 0.013073
v -0.370938 0.967448 0.011217
v -0.378309 0.124565 -0.076851
v -0.370392 0.132877 -0.068114
v -0.387805 0.132877 -0.069861
v -0.374029 0.126673 -0.070826
v -0.379018 0.127700 -0.069783
v -0.379195 0.132780 -0.068026
v -0.383701 0.126673 -0.071797
v -0.386781 0.970319 0.007584
v -0.396096 0.960603 0.012774
v -0.378683 0.960603 0.014521
v -0.392120 0.967147 0.012111
v -0.387414 0.965835 0.013891
v -0.387486 0.960506 0.014609
v -0.382448 0.967147 0.013081
v -0.390715 0.124908 -0.081528
v -0.396278 0.133111 -0.073056
v -0.394611 0.126975 -0.075910
v -0.399187 0.970662 0.002906
v -0.404569 0.960837 0.009579
v -0.403030 0.967448 0.007997
v -0.399115 0.125844 -0.091749
v -0.402015 0.133750 -0.080037
v -0.409216 0.135263 -0.095915
v -0.401998 0.127798 -0.084898
v -0.405309 0.129317 -0.088609
v -0.406501 0.134458 -0.087579
v -0.405998 0.128639 -0.093719
v -0.407587 0.971598 -0.007315
v -0.417507 0.962990 -0.013280
v -0.410306 0.961477 0.002598
v -0.414417 0.969112 -0.009811
v -0.413705 0.967451 -0.004935
v -0.414792 0.962185 -0.004944
v -0.410417 0.968272 -0.000991
v -0.401258 0.127123 -0.104775
v -0.410680 0.136137 -0.104812
v -0.407883 0.129763 -0.105174
v -0.409730 0.972877 -0.020341
v -0.418971 0.963863 -0.022177
v -0.416301 0.970237 -0.021266
v -0.396570 0.128402 -0.117116
v -0.404276 0.137884 -0.121669
v -0.401981 0.131373 -0.120708
v -0.405042 0.974156 -0.032681
v -0.412567 0.965610 -0.039034
v -0.410400 0.971847 -0.036801
v -0.386307 0.129338 -0.125464
v -0.397266 0.138523 -0.127371
v -0.381317 0.139397 -0.134521
v -0.392956 0.132197 -0.128050
v -0.389125 0.133732 -0.131213
v -0.389691 0.139044 -0.131827
v -0.384096 0.132682 -0.132021
v -0.394779 0.975092 -0.041030
v -0.389608 0.967123 -0.051886
v -0.405557 0.966250 -0.044736
v -0.392515 0.973155 -0.048114
v -0.397520 0.971867 -0.047539
v -0.397982 0.966771 -0.049192
v -0.401375 0.972670 -0.044142
v -0.470941 0.840000 0.070941
v -0.470941 0.849059 0.080000
v -0.480000 0.849059 0.070941
v -0.470941 0.842653 0.077347
v -0.476171 0.843829 0.076171
v -0.477347 0.849059 0.077347
v -0.477347 0.842653 0.070941
v -0.470941 1.050941 0.080000
v -0.470941 1.060000 0.070941
v -0.480000 1.050941 0.070941
v -0.470941 1.057347 0.077347
v -0.476171 1.056171 0.076171
v -0.477347 1.057347 0.070941
v -0.477347 1.050941 0.077347
v -0.470941 0.840000 -0.230941
v -0.480000 0.849059 -0.230941
v -0.470941 0.849059 -0.240000
v -0.477347 0.842653 -0.230941
v -0.476171 0.843829 -0.236171
v -0.477347 0.849059 -0.237347
v -0.470941 0.842653 -0.237347
v -0.470941 1.060000 -0.230941
v -0.470941 1.050941 -0.240000
v -0.480000 1.050941 -0.230941
v -0.470941 1.057347 -0.237347
v -0.476171 1.056171 -0.236171
v -0.477347 1.050941 -0.237347
v -0.477347 1.057347 -0.230941
v -0.289059 0.840000 0.070941
v -0.280000 0.849059 0.070941
v -0.289059 0.849059 0.080000
v -0.282653 0.842653 0.070941
v -0.283829 0.843829 0.076171
v -0.282653 0.849059 0.077347
v -0.289059 0.842653 0.077347
v -0.289059 1.060000 0.070941
v -0.289059 1.050941 0.080000
v -0.280000 1.050941 0.070941
v -0.289059 1.057347 0.077347
v -0.283829 1.056171 0.076171
v -0.282653 1.050941 0.077347
v -0.282653 1.057347 0.070941
v -0.289059 0.840000 -0.230941
v -0.289059 0.849059 -0.240000
v -0.280000 0.849059 -0.230941
v -0.289059 0.842653 -0.237347
v -0.283829 0.843829 -0.236171
v -0.282653 0.849059 -0.237347
v -0.282653 0.842653 -0.230941
v -0.289059 1.060000 -0.230941
v -0.280000 1.050941 -0.230941
v -0.289059 1.050941 -0.240000
v -0.282653 1.057347 -0.230941
v -0.283829 1.056171 -0.236171
v -0.282653 1.050941 -0.237347
v -0.289059 1.057347 -0.237347
vn -0.0000 -0.8559 -0.5172
vn -0.2773 -0.3466 -0.8961
vn 0.2773 -0.3466 -0.8961
vn -0.0000 0.8558 -0.5172
vn 0.2773 0.3466 -0.8961
vn -0.2773 0.3466 -0.8961
vn 0.4479 -0.8558 -0.2586
vn 0.6374 -0.3466 -0.6882
vn 0.9147 -0.3466 -0.2079
vn 0.4479 0.8558 -0.2586
vn 0.9147 0.3466 -0.2079
vn 0.6374 0.3466 -0.6882
vn 0.4479 -0.8558 0.2586
vn 0.9147 -0.3466 0.2079
vn 0.6374 -0.3466 0.6882
vn 0.4479 0.8558 0.2586
vn 0.6374 0.3466 0.6882
vn 0.9147 0.3466 0.2079
vn -0.0000 -0.8559 0.5172
vn 0.2773 -0.3466 0.8961
vn -0.2773 -0.3466 0.8961
vn -0.0000 0.8558 0.5172
vn -0.2773 0.3466 0.8961
vn 0.2773 0.3466 0.8961
vn -0.4479 -0.8558 0.2586
vn -0.6374 -0.3466 0.6882
vn -0.9147 -0.3466 0.2079
vn -0.4479 0.8558 0.2586
vn -0.9147 0.3466 0.2079
vn -0.6374 0.3466 0.6882
vn -0.4479 -0.8558 -0.2586
vn -0.9147 -0.3466 -0.2079
vn -0.6374 -0.3466 -0.6882
vn -0.4479 0.8558 -0.2586
vn -0.6374 0.3466 -0.6882
vn -0.9147 0.3466 -0.2079
vn -0.3251 -0.8881 0.3251
vn -0.3251 -0.3251 0.8881
vn -0.8881 -0.3251 0.3251
vn -0.3251 0.3251 0.8881
vn -0.3251 0.8881 0.3251
vn -0.8881 0.3251 0.3251
vn -0.3251 -0.8881 -0.3251
vn -0.8881 -0.3251 -0.3251
vn -0.3251 -0.3251 -0.8881
vn -0.3251 0.8881 -0.3251
vn -0.3251 0.3251 -0.8881
vn -0.8881 0.3251 -0.3251
vn 0.3251 -0.8881 0.3251
vn 0.8881 -0.3251 0.3251
vn 0.3251 -0.3251 0.8881
vn 0.3251 0.8881 0.3251
vn 0.3251 0.3251 0.8881
vn 0.8881 0.3251 0.3251
vn 0.3251 -0.8881 -0.3251
vn 0.3251 -0.3251 -0.8881
vn 0.8881 -0.3251 -0.3251
vn 0.3251 0.8881 -0.3251
vn 0.8881 0.3251 -0.3251
vn 0.3251 0.3251 -0.8881
vn 0.3250 0.8881 0.3251
vn -0.3250 -0.8881 -0.3251
vn -0.3250 0.8881 -0.3251
vn -0.3250 -0.8881 0.3251
vn 0.3250 -0.8881 0.3251
vn 0.0577 -0.8164 -0.5746
vn -0.0443 -0.1919 -0.9804
vn 0.2382 -0.1919 -0.9521
vn 0.0403 0.9149 -0.4018
vn 0.2324 0.3810 -0.8949
vn -0.0500 0.3810 -0.9232
vn 0.4581 -0.8410 -0.2879
vn 0.8076 -0.2269 -0.5443
vn 0.9244 -0.2515 -0.2868
vn 0.4407 0.8902 -0.1150
vn 0.9187 0.3215 -0.2296
vn 0.8019 0.3460 -0.4871
vn -0.0403 -0.9149 0.4018
vn 0.0500 -0.3810 0.9232
vn -0.2324 -0.3810 0.8949
vn -0.0576 0.8164 0.5746
vn -0.2382 0.1919 0.9521
vn 0.0443 0.1919 0.9804
vn -0.4407 -0.8902 0.1150
vn -0.8019 -0.3460 0.4871
vn -0.9187 -0.3215 0.2296
vn -0.4581 0.8410 0.2879
vn -0.9244 0.2515 0.2868
vn -0.8076 0.2269 0.5443
vn -0.1942 -0.8230 -0.5338
vn -0.5162 -0.2117 -0.8299
vn -0.2575 -0.1975 -0.9459
vn -0.2116 0.9083 -0.3610
vn -0.2632 0.3755 -0.8887
vn -0.5219 0.3613 -0.7727
vn 0.3250 -0.8881 -0.3251
vn 0.4554 -0.4130 -0.7887
vn 0.1980 -0.9183 -0.3429
vn 0.4554 0.4130 -0.7887
vn 0.1980 0.9183 -0.3429
vn -0.2662 -0.0000 -0.9639
vn 0.2662 -0.0000 -0.9639
vn 0.9679 -0.0000 -0.2514
vn 0.7017 -0.0000 -0.7125
vn 0.9107 -0.4130 -0.0000
vn 0.3959 -0.9183 -0.0000
vn 0.9107 0.4130 -0.0000
vn 0.3959 0.9183 -0.0000
vn 0.7017 -0.0000 0.7125
vn 0.9679 -0.0000 0.2514
vn 0.4554 -0.4130 0.7887
vn 0.1980 -0.9183 0.3429
vn 0.4554 0.4130 0.7887
vn 0.1980 0.9183 0.3429
vn -0.2662 -0.0000 0.9639
vn 0.2662 -0.0000 0.9639
vn -0.4554 -0.4130 0.7887
vn -0.1980 -0.9183 0.3429
vn -0.4554 0.4130 0.7887
vn -0.1980 0.9183 0.3429
vn -0.9679 -0.0000 0.2514
vn -0.7017 -0.0000 0.7125
vn -0.9107 -0.4130 -0.0000
vn -0.3959 -0.9183 -0.0000
vn -0.9107 0.4130 -0.0000
vn -0.3959 0.9183 -0.0000
vn -0.7017 -0.0000 -0.7125
vn -0.9679 -0.0000 -0.2514
vn -0.4554 -0.4130 -0.7887
vn -0.1980 -0.9183 -0.3429
vn -0.4554 0.4130 -0.7887
vn -0.1980 0.9183 -0.3429
vn 0.0906 -0.3827 -0.9194
vn 0.0375 -0.9239 -0.3808
vn 0.0906 0.3827 -0.9194
vn 0.0375 0.9239 -0.3808
vn 0.2682 -0.3827 -0.8841
vn 0.1111 -0.9239 -0.3662
vn 0.2682 0.3827 -0.8841
vn 0.1111 0.9239 -0.3662
vn 0.4355 -0.3827 -0.8148
vn 0.1804 -0.9239 -0.3375
vn 0.4355 0.3827 -0.8148
vn 0.1804 0.9239 -0.3375
vn 0.5861 -0.3827 -0.7142
vn 0.2428 -0.9239 -0.2958
vn 0.5861 0.3827 -0.7142
vn 0.2428 0.9239 -0.2958
vn 0.7142 -0.3827 -0.5861
vn 0.2958 -0.9239 -0.2428
vn 0.7142 0.3827 -0.5861
vn 0.2958 0.9239 -0.2428
vn 0.8148 -0.3827 -0.4355
vn 0.3375 -0.9239 -0.1804
vn 0.8148 0.3827 -0.4355
vn 0.3375 0.9239 -0.1804
vn 0.8841 -0.3827 -0.2682
vn 0.3662 -0.9239 -0.1111
vn 0.8841 0.3827 -0.2682
vn 0.3662 0.9239 -0.1111
vn 0.9194 -0.3827 -0.0906
vn 0.3808 -0.9239 -0.0375
vn 0.9194 0.3827 -0.0906
vn 0.3808 0.9239 -0.0375
vn 0.9194 -0.3827 0.0906
vn 0.3808 -0.9239 0.0375
vn 0.9194 0.3827 0.0906
vn 0.3808 0.9239 0.0375
vn 0.8841 -0.3827 0.2682
vn 0.3662 -0.9239 0.1111
vn 0.8841 0.3827 0.2682
vn 0.3662 0.9239 0.1111
vn 0.8148 -0.3827 0.4355
vn 0.3375 -0.9239 0.1804
vn 0.8148 0.3827 0.4355
vn 0.3375 0.9239 0.1804
vn 0.7142 -0.3827 0.5861
vn 0.2958 -0.9239 0.2428
vn 0.7142 0.3827 0.5861
vn 0.2958 0.9239 0.2428
vn 0.5861 -0.3827 0.7142
vn 0.2428 -0.9239 0.2958
vn 0.5861 0.3827 0.7142
vn 0.2428 0.9239 0.2958
vn 0.4355 -0.3827 0.8148
vn 0.1804 -0.9239 0.3375
vn 0.4355 0.3827 0.8148
vn 0.1804 0.9239 0.3375
vn 0.2682 -0.3827 0.8841
vn 0.1111 -0.9239 0.3662
vn 0.2682 0.3827 0.8841
vn 0.1111 0.9239 0.3662
vn 0.0906 -0.3827 0.9194
vn 0.0375 -0.9239 0.3808
vn 0.0906 0.3827 0.9194
vn 0.0375 0.9239 0.3808
vn -0.0906 -0.3827 0.9194
vn -0.0375 -0.9239 0.3808
vn -0.0906 0.3827 0.9194
vn -0.0375 0.9239 0.3808
vn -0.2682 -0.3827 0.8841
vn -0.1111 -0.9239 0.3662
vn -0.2682 0.3827 0.8841
vn -0.1111 0.9239 0.3662
vn -0.4355 -0.3827 0.8148
vn -0.1804 -0.9239 0.3375
vn -0.4355 0.3827 0.8148
vn -0.1804 0.9239 0.3375
vn -0.5861 -0.3827 0.7142
vn -0.2428 -0.9239 0.2958
vn -0.5861 0.3827 0.7142
vn -0.2428 0.9239 0.2958
vn -0.7142 -0.3827 0.5861
vn -0.2958 -0.9239 0.2428
vn -0.7142 0.3827 0.5861
vn -0.2958 0.9239 0.2428
vn -0.8148 -0.3827 0.4355
vn -0.3375 -0.9239 0.1804
vn -0.8148 0.3827 0.4355
vn -0.3375 0.9239 0.1804
vn -0.8841 -0.3827 0.2682
vn -0.3662 -0.9239 0.1111
vn -0.8841 0.3827 0.2682
vn -0.3662 0.9239 0.1111
vn -0.9194 -0.3827 0.0906
vn -0.3808 -0.9239 0.0375
vn -0.9194 0.3827 0.0906
vn -0.3808 0.9239 0.0375
vn -0.9194 -0.3827 -0.0906
vn -0.3808 -0.9239 -0.0375
vn -0.9194 0.3827 -0.0906
vn -0.3808 0.9239 -0.0375
vn -0.8841 -0.3827 -0.2682
vn -0.3662 -0.9239 -0.1111
vn -0.8841 0.3827 -0.2682
vn -0.3662 0.9239 -0.1111
vn -0.8148 -0.3827 -0.4355
vn -0.3375 -0.9239 -0.1804
vn -0.8148 0.3827 -0.4355
vn -0.3375 0.9239 -0.1804
vn -0.7142 -0.3827 -0.5861
vn -0.2958 -0.9239 -0.2428
vn -0.7142 0.3827 -0.5861
vn -0.2958 0.9239 -0.2428
vn -0.5861 -0.3827 -0.7142
vn -0.2428 -0.9239 -0.2958
vn -0.5861 0.3827 -0.7142
vn -0.2428 0.9239 -0.2958
vn -0.4355 -0.3827 -0.8148
vn -0.1804 -0.9239 -0.3375
vn -0.4355 0.3827 -0.8148
vn -0.1804 0.9239 -0.3375
vn -0.2682 -0.3827 -0.8841
vn -0.1111 -0.9239 -0.3662
vn -0.2682 0.3827 -0.8841
vn -0.1111 0.9239 -0.3662
vn -0.0906 -0.3827 -0.9194
vn -0.0375 -0.9239 -0.3808
vn -0.0906 0.3827 -0.9194
vn -0.0375 0.9239 -0.3808
vn -0.3827 -0.9239 -0.0000
vn -0.9239 -0.3827 -0.0000
vn -0.3827 -0.0000 0.9239
vn -0.9239 -0.0000 0.3827
vn -0.3827 0.9239 -0.0000
vn -0.9239 0.3827 -0.0000
vn -0.3827 -0.0000 -0.9239
vn -0.9239 -0.0000 -0.3827
vn -0.0000 -0.9239 -0.3827
vn -0.0000 -0.3827 -0.9239
vn -0.0000 0.9239 -0.3827
vn -0.0000 0.3827 -0.9239
vn 0.9239 -0.0000 -0.3827
vn 0.3827 -0.0000 -0.9239
vn 0.3827 -0.9239 -0.0000
vn 0.9239 -0.3827 -0.0000
vn 0.3827 0.9239 -0.0000
vn 0.9239 0.3827 -0.0000
vn 0.3827 -0.0000 0.9239
vn 0.9239 -0.0000 0.3827
vn -0.0000 -0.9239 0.3827
vn -0.0000 -0.3827 0.9239
vn -0.0000 0.9239 0.3827
vn -0.0000 0.3827 0.9239
vn 0.3304 -0.2917 -0.8976
vn 0.1445 -0.8824 -0.4478
vn 0.3228 0.4699 -0.8216
vn 0.1261 0.9562 -0.2643
vn -0.0110 0.0992 -0.9950
vn 0.2085 0.0992 -0.9730
vn 0.7187 -0.3156 -0.6196
vn 0.3053 -0.8922 -0.3327
vn 0.7111 0.4460 -0.5435
vn 0.2869 0.9463 -0.1491
vn 0.9512 0.0401 -0.3060
vn 0.8604 0.0591 -0.5062
vn 0.9155 -0.3569 -0.1857
vn 0.3868 -0.9094 -0.1529
vn 0.9079 0.4046 -0.1096
vn 0.3684 0.9292 0.0306
vn 0.8680 -0.4046 0.2878
vn 0.3672 -0.9292 0.0432
vn 0.8604 0.3569 0.3638
vn 0.3488 0.9094 0.2267
vn 0.5889 -0.4460 0.6740
vn 0.2516 -0.9463 0.2031
vn 0.5813 0.3156 0.7500
vn 0.2332 0.8923 0.3867
vn 0.1531 -0.4699 0.8694
vn 0.0710 -0.9562 0.2841
vn 0.1455 0.2917 0.9454
vn 0.0526 0.8824 0.4676
vn -0.2085 -0.0992 0.9730
vn 0.0110 -0.0992 0.9950
vn -0.3228 -0.4699 0.8216
vn -0.1261 -0.9562 0.2643
vn -0.3304 0.2917 0.8976
vn -0.1445 0.8824 0.4478
vn -0.7111 -0.4460 0.5435
vn -0.2869 -0.9463 0.1491
vn -0.7187 0.3156 0.6196
vn -0.3053 0.8923 0.3327
vn -0.9512 -0.0401 0.3060
vn -0.8604 -0.0591 0.5062
vn -0.9079 -0.4046 0.1096
vn -0.3684 -0.9292 -0.0306
vn -0.9155 0.3569 0.1857
vn -0.3868 0.9094 0.1529
vn -0.8604 -0.3569 -0.3638
vn -0.3488 -0.9094 -0.2267
vn -0.8680 0.4046 -0.2878
vn -0.3672 0.9292 -0.0432
vn -0.5813 -0.3156 -0.7500
vn -0.2332 -0.8923 -0.3867
vn -0.5889 0.4460 -0.6740
vn -0.2516 0.9463 -0.2031
vn -0.3084 0.0914 -0.9468
vn -0.5095 0.0804 -0.8567
vn -0.1455 -0.2917 -0.9454
vn -0.0526 -0.8824 -0.4676
vn -0.1531 0.4699 -0.8694
vn -0.0710 0.9562 -0.2841
vn -0.0000 -1.0000 -0.0000
vn 0.5000 -0.0000 -0.8660
vn -0.5000 -0.0000 -0.8660
vn -0.0000 1.0000 -0.0000
vn 1.0000 -0.0000 -0.0000
vn 0.5000 -0.0000 0.8660
vn -0.5000 -0.0000 0.8660
vn -1.0000 -0.0000 -0.0000
vn 0.0980 -0.0000 -0.9952
vn -0.0980 -0.0000 -0.9952
vn 0.2903 -0.0000 -0.9569
vn 0.4714 -0.0000 -0.8819
vn 0.6344 -0.0000 -0.7730
vn 0.7730 -0.0000 -0.6344
vn 0.8819 -0.0000 -0.4714
vn 0.9569 -0.0000 -0.2903
vn 0.9952 -0.0000 -0.0980
vn 0.9952 -0.0000 0.0980
vn 0.9569 -0.0000 0.2903
vn 0.8819 -0.0000 0.4714
vn 0.7730 -0.0000 0.6344
vn 0.6344 -0.0000 0.7730
vn 0.4714 -0.0000 0.8819
vn 0.2903 -0.0000 0.9569
vn 0.0980 -0.0000 0.9952
vn -0.0980 -0.0000 0.9952
vn -0.2903 -0.0000 0.9569
vn -0.4714 -0.0000 0.8819
vn -0.6344 -0.0000 0.7730
vn -0.7730 -0.0000 0.6344
vn -0.8819 -0.0000 0.4714
vn -0.9569 -0.0000 0.2903
vn -0.9952 -0.0000 0.0980
vn -0.9952 -0.0000 -0.0980
vn -0.9569 -0.0000 -0.2903
vn -0.8819 -0.0000 -0.4714
vn -0.7730 -0.0000 -0.6344
vn -0.6344 -0.0000 -0.7730
vn -0.4714 -0.0000 -0.8819
vn -0.2903 -0.0000 -0.9569
vn -0.0000 -0.0000 1.0000
vn -0.0000 -0.0000 -1.0000
vn 0.0100 -0.9950 -0.0993
vn 0.3535 0.0964 -0.9305
vn -0.0100 0.9950 0.0993
vn 0.7738 0.0706 -0.6295
vn 0.9868 0.0258 -0.1598
vn 0.9354 -0.0258 0.3527
vn 0.6333 -0.0706 0.7707
vn 0.1616 -0.0964 0.9821
vn -0.3535 -0.0964 0.9305
vn -0.7738 -0.0706 0.6295
vn -0.9868 -0.0258 0.1598
vn -0.9354 0.0258 -0.3527
vn -0.6333 0.0706 -0.7707
vt 0.750000 0.484295
vt 0.746182 0.487796
vt 0.749026 0.489438
vt 0.753818 0.487796
vt 0.003431 0.575489
vt -0.000000 0.575489
vt -0.000000 0.531905
vt 0.003061 0.500000
vt 0.996569 0.575489
vt 0.996938 0.500000
vt 0.999219 0.500000
vt 1.000000 0.575489
vt 0.250000 0.484295
vt 0.253818 0.487796
vt 0.250974 0.489438
vt 0.246182 0.487796
vt 0.996569 0.924511
vt 1.000000 0.924511
vt 1.000000 0.968095
vt 0.996938 1.000000
vt 0.003431 0.924511
vt 0.003061 1.000000
vt 0.000781 1.000000
vt -0.000000 0.924511
vt 0.952905 0.367147
vt 0.954028 0.372204
vt 0.956872 0.370562
vt 0.957846 0.365591
vt 0.836765 0.575489
vt 0.833333 0.575489
vt 0.832943 0.515953
vt 0.836395 0.500000
vt 0.829902 0.575489
vt 0.830272 0.500000
vt 0.452905 0.367147
vt 0.457846 0.365591
vt 0.457846 0.368875
vt 0.454028 0.372204
vt 0.829902 0.924511
vt 0.833333 0.924511
vt 0.833724 0.984047
vt 0.830272 1.000000
vt 0.836765 0.924511
vt 0.836395 1.000000
vt 0.952905 0.132853
vt 0.957846 0.134409
vt 0.957846 0.131125
vt 0.954028 0.127796
vt 0.670098 0.575489
vt 0.666667 0.575489
vt 0.666276 0.515953
vt 0.669728 0.500000
vt 0.663235 0.575489
vt 0.663605 0.500000
vt 0.452905 0.132853
vt 0.454028 0.127796
vt 0.456872 0.129438
vt 0.457846 0.134409
vt 0.663235 0.924511
vt 0.666667 0.924511
vt 0.667057 0.984047
vt 0.663605 1.000000
vt 0.670098 0.924511
vt 0.669728 1.000000
vt 0.750000 0.015705
vt 0.753818 0.012204
vt 0.750974 0.010562
vt 0.746182 0.012204
vt 0.503431 0.575489
vt 0.500000 0.575489
vt 0.499609 0.515953
vt 0.503061 0.500000
vt 0.496569 0.575489
vt 0.496938 0.500000
vt 0.250000 0.015705
vt 0.246182 0.012204
vt 0.249026 0.010562
vt 0.253818 0.012204
vt 0.496569 0.924511
vt 0.500000 0.924511
vt 0.500391 0.984047
vt 0.496938 1.000000
vt 0.503431 0.924511
vt 0.503061 1.000000
vt 0.547095 0.132853
vt 0.545972 0.127796
vt 0.543128 0.129438
vt 0.542154 0.134409
vt 0.336765 0.575489
vt 0.333333 0.575489
vt 0.332943 0.515953
vt 0.336395 0.500000
vt 0.329902 0.575489
vt 0.330272 0.500000
vt 0.047095 0.132853
vt 0.042154 0.134409
vt 0.042154 0.131125
vt 0.045972 0.127796
vt 0.329902 0.924511
vt 0.333333 0.924511
vt 0.333724 0.984047
vt 0.330272 1.000000
vt 0.336765 0.924511
vt 0.336395 1.000000
vt 0.547095 0.367147
vt 0.542154 0.365591
vt 0.542154 0.368875
vt 0.545972 0.372204
vt 0.170098 0.575489
vt 0.166667 0.575489
vt 0.166276 0.515953
vt 0.169728 0.500000
vt 0.163235 0.575489
vt 0.163605 0.500000
vt 0.047095 0.367147
vt 0.045972 0.372204
vt 0.043128 0.370562
vt 0.042154 0.365591
vt 0.163235 0.924511
vt 0.166667 0.924511
vt 0.167057 0.984047
vt 0.163605 1.000000
vt 0.170098 0.924511
vt 0.169728 1.000000
vt 0.139154 0.738677
vt 0.139154 0.750000
vt 0.130982 0.750000
vt 0.125000 0.738677
vt 0.382077 0.985846
vt 0.382077 1.000000
vt 0.377991 1.000000
vt 0.375000 0.985846
vt 0.382077 0.011323
vt 0.375000 0.011323
vt 0.375000 0.004786
vt 0.382077 0.000000
vt 0.617923 0.985846
vt 0.625000 0.985846
vt 0.625000 0.994018
vt 0.617923 1.000000
vt 0.860846 0.738677
vt 0.875000 0.738677
vt 0.875000 0.745214
vt 0.860846 0.750000
vt 0.617923 0.011323
vt 0.617923 0.000000
vt 0.622009 0.000000
vt 0.625000 0.011323
vt 0.139154 0.511323
vt 0.125000 0.511323
vt 0.125000 0.504786
vt 0.139154 0.500000
vt 0.382077 0.238677
vt 0.382077 0.250000
vt 0.376496 0.252991
vt 0.375000 0.238677
vt 0.382077 0.264154
vt 0.375000 0.264154
vt 0.860846 0.511323
vt 0.860846 0.500000
vt 0.869018 0.500000
vt 0.875000 0.511323
vt 0.617923 0.264154
vt 0.617923 0.250000
vt 0.623504 0.247607
vt 0.625000 0.264154
vt 0.617923 0.238677
vt 0.625000 0.238677
vt 0.360846 0.738677
vt 0.375000 0.738677
vt 0.375997 0.750399
vt 0.367923 0.757077
vt 0.382077 0.738677
vt 0.382077 0.750000
vt 0.382077 0.764154
vt 0.639154 0.738677
vt 0.632077 0.757077
vt 0.625997 0.748405
vt 0.625000 0.738677
vt 0.617923 0.764154
vt 0.617923 0.750000
vt 0.617923 0.738677
vt 0.360846 0.511323
vt 0.367923 0.492923
vt 0.374003 0.501595
vt 0.375000 0.511323
vt 0.382077 0.485846
vt 0.382077 0.500000
vt 0.382077 0.511323
vt 0.639154 0.511323
vt 0.625000 0.511323
vt 0.624003 0.499601
vt 0.632077 0.492923
vt 0.617923 0.511323
vt 0.617923 0.500000
vt 0.617923 0.485846
vt 0.141176 0.721692
vt 0.141176 0.750000
vt 0.131837 0.750000
vt 0.125000 0.721692
vt 0.393872 0.983824
vt 0.393872 1.000000
vt 0.382976 1.000000
vt 0.375000 0.983824
vt 0.393872 0.028308
vt 0.375000 0.028308
vt 0.375000 0.011965
vt 0.393872 0.000000
vt 0.606128 0.983824
vt 0.625000 0.983824
vt 0.625000 0.993163
vt 0.606128 1.000000
vt 0.858824 0.721692
vt 0.875000 0.721692
vt 0.875000 0.738035
vt 0.858824 0.750000
vt 0.606128 0.028308
vt 0.606128 0.000000
vt 0.617024 0.000000
vt 0.625000 0.028308
vt 0.141176 0.528308
vt 0.125000 0.528308
vt 0.125000 0.511964
vt 0.141176 0.500000
vt 0.393872 0.221692
vt 0.393872 0.250000
vt 0.378988 0.253418
vt 0.375000 0.221692
vt 0.393872 0.266176
vt 0.375000 0.266176
vt 0.858824 0.528308
vt 0.858824 0.500000
vt 0.868163 0.500000
vt 0.875000 0.528308
vt 0.606128 0.266176
vt 0.606128 0.250000
vt 0.621012 0.244018
vt 0.625000 0.266176
vt 0.606128 0.221692
vt 0.625000 0.221692
vt 0.358824 0.721692
vt 0.375000 0.721692
vt 0.377659 0.748291
vt 0.366912 0.758088
vt 0.393872 0.721692
vt 0.393872 0.750000
vt 0.393872 0.766176
vt 0.641176 0.721692
vt 0.633088 0.758088
vt 0.624620 0.746012
vt 0.625000 0.721692
vt 0.606128 0.766176
vt 0.606128 0.750000
vt 0.606128 0.721692
vt 0.358824 0.528308
vt 0.366912 0.491912
vt 0.375380 0.503988
vt 0.375000 0.528308
vt 0.393872 0.483824
vt 0.393872 0.500000
vt 0.393872 0.528308
vt 0.641176 0.528308
vt 0.625000 0.528308
vt 0.622341 0.501709
vt 0.633088 0.491912
vt 0.606128 0.528308
vt 0.606128 0.500000
vt 0.606128 0.483824
vt 0.139154 0.750000
vt 0.375000 0.985846
vt 0.860846 0.750000
vt 0.139154 0.511323
vt 0.139154 0.500000
vt 0.382077 0.264154
vt 0.375000 0.264154
vt 0.617923 0.264154
vt 0.625000 0.264154
vt 0.382077 0.764154
vt 0.625000 0.738677
vt 0.617923 0.764154
vt 0.367923 0.492923
vt 0.382077 0.485846
vt 0.639154 0.511323
vt 0.617923 0.485846
vt 0.141176 0.721692
vt 0.141176 0.750000
vt 0.131837 0.750000
vt 0.393872 0.983824
vt 0.375000 0.983824
vt 0.606128 0.983824
vt 0.625000 0.983824
vt 0.625000 0.993163
vt 0.858824 0.721692
vt 0.858824 0.750000
vt 0.141176 0.528308
vt 0.141176 0.500000
vt 0.378988 0.253418
vt 0.393872 0.266176
vt 0.375000 0.266176
vt 0.858824 0.528308
vt 0.868163 0.500000
vt 0.606128 0.266176
vt 0.625000 0.266176
vt 0.358824 0.721692
vt 0.366912 0.758088
vt 0.393872 0.766176
vt 0.641176 0.721692
vt 0.624620 0.746012
vt 0.606128 0.766176
vt 0.358824 0.528308
vt 0.366912 0.491912
vt 0.375380 0.503988
vt 0.641176 0.528308
vt 0.606128 0.483824
vt 0.129923 0.743339
vt 0.129923 0.750000
vt 0.127081 0.750000
vt 0.125000 0.743339
vt 0.380960 0.995077
vt 0.380960 1.000000
vt 0.377519 1.000000
vt 0.375000 0.995077
vt 0.380960 0.006661
vt 0.375000 0.006661
vt 0.375000 0.002815
vt 0.380960 0.000000
vt 0.619040 0.995077
vt 0.625000 0.995077
vt 0.625000 0.997919
vt 0.619040 1.000000
vt 0.870077 0.743339
vt 0.875000 0.743339
vt 0.875000 0.747185
vt 0.870077 0.750000
vt 0.619040 0.006661
vt 0.619040 0.000000
vt 0.622481 0.000000
vt 0.625000 0.006661
vt 0.129923 0.506661
vt 0.125000 0.506661
vt 0.125000 0.502815
vt 0.129923 0.500000
vt 0.380960 0.243339
vt 0.380960 0.250000
vt 0.376259 0.251040
vt 0.375000 0.243339
vt 0.380960 0.254923
vt 0.375000 0.254923
vt 0.870077 0.506661
vt 0.870077 0.500000
vt 0.872919 0.500000
vt 0.875000 0.506661
vt 0.619040 0.254923
vt 0.619040 0.250000
vt 0.623741 0.248592
vt 0.625000 0.254923
vt 0.619040 0.243339
vt 0.625000 0.243339
vt 0.370077 0.743339
vt 0.375000 0.743339
vt 0.375840 0.749755
vt 0.372538 0.752462
vt 0.380960 0.743339
vt 0.380960 0.750000
vt 0.380960 0.754923
vt 0.629923 0.743339
vt 0.627462 0.752462
vt 0.624854 0.749062
vt 0.625000 0.743339
vt 0.619040 0.754923
vt 0.619040 0.750000
vt 0.619040 0.743339
vt 0.370077 0.506661
vt 0.372538 0.497538
vt 0.375146 0.500938
vt 0.375000 0.506661
vt 0.380960 0.495077
vt 0.380960 0.500000
vt 0.380960 0.506661
vt 0.629923 0.506661
vt 0.625000 0.506661
vt 0.624160 0.500245
vt 0.627462 0.497538
vt 0.619040 0.506661
vt 0.619040 0.500000
vt 0.619040 0.495077
vt 0.137581 0.712255
vt 0.137581 0.750000
vt 0.130318 0.750000
vt 0.125000 0.712255
vt 0.383710 0.987419
vt 0.383710 1.000000
vt 0.378681 1.000000
vt 0.375000 0.987419
vt 0.383710 0.037745
vt 0.375000 0.037745
vt 0.375000 0.015953
vt 0.383710 0.000000
vt 0.616290 0.987418
vt 0.625000 0.987419
vt 0.625000 0.994682
vt 0.616290 1.000000
vt 0.862418 0.712255
vt 0.875000 0.712255
vt 0.875000 0.734047
vt 0.862419 0.750000
vt 0.616290 0.037745
vt 0.616290 0.000000
vt 0.621319 0.000000
vt 0.625000 0.037745
vt 0.137581 0.537745
vt 0.125000 0.537745
vt 0.125000 0.515953
vt 0.137581 0.500000
vt 0.383710 0.212255
vt 0.383710 0.250000
vt 0.376841 0.252659
vt 0.375000 0.212255
vt 0.383710 0.262581
vt 0.375000 0.262581
vt 0.862418 0.537744
vt 0.862419 0.500000
vt 0.869682 0.500000
vt 0.875000 0.537745
vt 0.616290 0.262581
vt 0.616290 0.250000
vt 0.623159 0.242024
vt 0.625000 0.262581
vt 0.616290 0.212255
vt 0.625000 0.212255
vt 0.362419 0.712255
vt 0.375000 0.712255
vt 0.376227 0.746455
vt 0.368709 0.756291
vt 0.383710 0.712255
vt 0.383710 0.750000
vt 0.383710 0.762582
vt 0.637581 0.712255
vt 0.631291 0.756291
vt 0.625545 0.744682
vt 0.625000 0.712255
vt 0.616290 0.762582
vt 0.616290 0.750000
vt 0.616290 0.712256
vt 0.362418 0.537745
vt 0.368709 0.493709
vt 0.374455 0.505318
vt 0.375000 0.537745
vt 0.383710 0.487419
vt 0.383710 0.500000
vt 0.383710 0.537745
vt 0.637581 0.537745
vt 0.625000 0.537745
vt 0.623773 0.503545
vt 0.631291 0.493709
vt 0.616290 0.537745
vt 0.616290 0.500000
vt 0.616290 0.487418
vt 0.137581 0.712255
vt 0.137581 0.750000
vt 0.130318 0.750000
vt 0.383710 0.987419
vt 0.375000 0.987418
vt 0.616290 0.987418
vt 0.625000 0.994682
vt 0.862419 0.712255
vt 0.862418 0.750000
vt 0.137581 0.500000
vt 0.376841 0.252659
vt 0.383710 0.262581
vt 0.862418 0.537745
vt 0.869682 0.500000
vt 0.616290 0.262581
vt 0.362418 0.712255
vt 0.376227 0.746455
vt 0.368709 0.756291
vt 0.383710 0.762582
vt 0.637581 0.712255
vt 0.616290 0.762581
vt 0.362418 0.537744
vt 0.368709 0.493709
vt 0.383710 0.487419
vt 0.637582 0.537745
vt 0.631291 0.493709
vt 0.616290 0.487418
vt 0.135294 0.740564
vt 0.135294 0.750000
vt 0.129351 0.750000
vt 0.125000 0.740564
vt 0.386323 0.989706
vt 0.386323 1.000000
vt 0.379786 1.000000
vt 0.375000 0.989706
vt 0.386323 0.009436
vt 0.375000 0.009436
vt 0.375000 0.003988
vt 0.386323 0.000000
vt 0.613677 0.989706
vt 0.625000 0.989706
vt 0.625000 0.995649
vt 0.613677 1.000000
vt 0.864706 0.740564
vt 0.875000 0.740564
vt 0.875000 0.746012
vt 0.864706 0.750000
vt 0.613677 0.009436
vt 0.613677 0.000000
vt 0.620214 0.000000
vt 0.625000 0.009436
vt 0.135294 0.509436
vt 0.125000 0.509436
vt 0.125000 0.503988
vt 0.135294 0.500000
vt 0.386323 0.240564
vt 0.386323 0.250000
vt 0.377393 0.252175
vt 0.375000 0.240564
vt 0.386323 0.260294
vt 0.375000 0.260294
vt 0.864706 0.509436
vt 0.864706 0.500000
vt 0.870649 0.500000
vt 0.875000 0.509436
vt 0.613677 0.260294
vt 0.613677 0.250000
vt 0.622607 0.248006
vt 0.625000 0.260294
vt 0.613677 0.240564
vt 0.625000 0.240564
vt 0.364706 0.740564
vt 0.375000 0.740564
vt 0.376595 0.750121
vt 0.369853 0.755147
vt 0.386323 0.740564
vt 0.386323 0.750000
vt 0.386323 0.760294
vt 0.635294 0.740564
vt 0.630147 0.755147
vt 0.624855 0.748671
vt 0.625000 0.740564
vt 0.613677 0.760294
vt 0.613677 0.750000
vt 0.613677 0.740564
vt 0.364706 0.509436
vt 0.369853 0.494853
vt 0.375145 0.501329
vt 0.375000 0.509436
vt 0.386323 0.489706
vt 0.386323 0.500000
vt 0.386323 0.509436
vt 0.635294 0.509436
vt 0.625000 0.509436
vt 0.623405 0.499879
vt 0.630147 0.494853
vt 0.613677 0.509436
vt 0.613677 0.500000
vt 0.613677 0.489706
vt 0.135294 0.740564
vt 0.135294 0.750000
vt 0.386323 0.989706
vt 0.135294 0.509436
vt 0.135294 0.500000
vt 0.386323 0.260294
vt 0.625000 0.260294
vt 0.364706 0.740564
vt 0.386323 0.760294
vt 0.635294 0.740564
vt 0.364706 0.509436
vt 0.386323 0.489706
vt 0.635294 0.509436
vt 0.134436 0.739706
vt 0.134436 0.750000
vt 0.128988 0.750000
vt 0.125000 0.739706
vt 0.387581 0.990564
vt 0.387582 1.000000
vt 0.380318 1.000000
vt 0.375000 0.990564
vt 0.387581 0.010294
vt 0.375000 0.010294
vt 0.375000 0.004351
vt 0.387582 0.000000
vt 0.612419 0.990564
vt 0.625000 0.990564
vt 0.625000 0.996012
vt 0.612418 1.000000
vt 0.865564 0.739706
vt 0.875000 0.739706
vt 0.875000 0.745649
vt 0.865564 0.750000
vt 0.612419 0.010294
vt 0.612418 0.000000
vt 0.619682 0.000000
vt 0.625000 0.010294
vt 0.134436 0.510294
vt 0.125000 0.510294
vt 0.125000 0.504351
vt 0.134436 0.500000
vt 0.387581 0.239706
vt 0.387582 0.250000
vt 0.377659 0.251994
vt 0.375000 0.239706
vt 0.387581 0.259436
vt 0.375000 0.259436
vt 0.865564 0.510294
vt 0.865564 0.500000
vt 0.871012 0.500000
vt 0.875000 0.510294
vt 0.612419 0.259436
vt 0.612418 0.250000
vt 0.622341 0.247825
vt 0.625000 0.259436
vt 0.612419 0.239706
vt 0.625000 0.239706
vt 0.365564 0.739706
vt 0.375000 0.739706
vt 0.376773 0.749879
vt 0.370282 0.754718
vt 0.387581 0.739706
vt 0.387582 0.750000
vt 0.387581 0.759436
vt 0.634436 0.739706
vt 0.629718 0.754718
vt 0.624557 0.748550
vt 0.625000 0.739706
vt 0.612419 0.759436
vt 0.612418 0.750000
vt 0.612419 0.739706
vt 0.365564 0.510294
vt 0.370282 0.495282
vt 0.375443 0.501450
vt 0.375000 0.510294
vt 0.387581 0.490564
vt 0.387582 0.500000
vt 0.387581 0.510294
vt 0.634436 0.510294
vt 0.625000 0.510294
vt 0.623227 0.500121
vt 0.629718 0.495282
vt 0.612419 0.510294
vt 0.612418 0.500000
vt 0.612419 0.490564
vt 0.139154 0.693383
vt 0.125000 0.693383
vt 0.431617 0.985846
vt 0.431617 1.000000
vt 0.398929 1.000000
vt 0.431617 0.056617
vt 0.375000 0.056617
vt 0.375000 0.023929
vt 0.431617 0.000000
vt 0.568383 0.985846
vt 0.568383 1.000000
vt 0.860846 0.693383
vt 0.875000 0.693383
vt 0.875000 0.726071
vt 0.568383 0.056617
vt 0.568383 0.000000
vt 0.601071 0.000000
vt 0.625000 0.056617
vt 0.139154 0.556617
vt 0.125000 0.556617
vt 0.125000 0.523929
vt 0.431617 0.193383
vt 0.431617 0.250000
vt 0.386965 0.252991
vt 0.375000 0.193383
vt 0.431617 0.264154
vt 0.860846 0.556617
vt 0.875000 0.556617
vt 0.568383 0.264154
vt 0.568383 0.250000
vt 0.613035 0.238035
vt 0.568383 0.193383
vt 0.625000 0.193383
vt 0.360846 0.693383
vt 0.375000 0.693383
vt 0.382976 0.744018
vt 0.431617 0.693383
vt 0.431617 0.750000
vt 0.431617 0.764154
vt 0.639154 0.693383
vt 0.619018 0.742024
vt 0.625000 0.693383
vt 0.568383 0.764154
vt 0.568383 0.750000
vt 0.568383 0.693383
vt 0.360846 0.556617
vt 0.380982 0.507976
vt 0.375000 0.556617
vt 0.431617 0.485846
vt 0.431617 0.500000
vt 0.431617 0.556617
vt 0.639154 0.556617
vt 0.625000 0.556617
vt 0.617024 0.505982
vt 0.568383 0.556617
vt 0.568383 0.500000
vt 0.568383 0.485846
vt 0.147647 0.742923
vt 0.147647 0.750000
vt 0.134572 0.750000
vt 0.125000 0.742923
vt 0.378484 0.977353
vt 0.378484 1.000000
vt 0.376473 1.000000
vt 0.375000 0.977353
vt 0.378484 0.007077
vt 0.375000 0.007077
vt 0.375000 0.002991
vt 0.378484 0.000000
vt 0.621516 0.977353
vt 0.625000 0.977353
vt 0.625000 0.990428
vt 0.621516 1.000000
vt 0.852353 0.742923
vt 0.875000 0.742923
vt 0.875000 0.747009
vt 0.852353 0.750000
vt 0.621516 0.007077
vt 0.621516 0.000000
vt 0.623527 0.000000
vt 0.625000 0.007077
vt 0.147647 0.507077
vt 0.125000 0.507077
vt 0.125000 0.502991
vt 0.147647 0.500000
vt 0.378484 0.242923
vt 0.378484 0.250000
vt 0.375736 0.254786
vt 0.375000 0.242923
vt 0.378484 0.272647
vt 0.375000 0.272647
vt 0.852353 0.507077
vt 0.852353 0.500000
vt 0.865428 0.500000
vt 0.875000 0.507077
vt 0.621516 0.272647
vt 0.621516 0.250000
vt 0.624264 0.248504
vt 0.625000 0.272647
vt 0.621516 0.242923
vt 0.625000 0.242923
vt 0.352353 0.742923
vt 0.375000 0.742923
vt 0.375491 0.752194
vt 0.363677 0.761323
vt 0.378484 0.742923
vt 0.378484 0.750000
vt 0.378484 0.772647
vt 0.647647 0.742923
vt 0.636323 0.761323
vt 0.627700 0.749003
vt 0.625000 0.742923
vt 0.621516 0.772647
vt 0.621516 0.750000
vt 0.621516 0.742923
vt 0.352353 0.507077
vt 0.363677 0.488677
vt 0.372300 0.500997
vt 0.375000 0.507077
vt 0.378484 0.477353
vt 0.378484 0.500000
vt 0.378484 0.507077
vt 0.647647 0.507077
vt 0.625000 0.507077
vt 0.624509 0.497807
vt 0.636323 0.488677
vt 0.621516 0.507077
vt 0.621516 0.500000
vt 0.621516 0.477353
vt 0.147647 0.712255
vt 0.403308 0.977353
vt 0.403308 1.000000
vt 0.386964 1.000000
vt 0.403308 0.037744
vt 0.375000 0.037744
vt 0.375000 0.015953
vt 0.403308 0.000000
vt 0.596692 0.977353
vt 0.596692 1.000000
vt 0.852353 0.712256
vt 0.875000 0.712256
vt 0.875000 0.734047
vt 0.596692 0.037744
vt 0.596692 0.000000
vt 0.613035 0.000000
vt 0.625000 0.037744
vt 0.147647 0.537745
vt 0.403308 0.212256
vt 0.403308 0.250000
vt 0.380982 0.254786
vt 0.375000 0.212256
vt 0.403308 0.272647
vt 0.852353 0.537745
vt 0.875000 0.537744
vt 0.596692 0.272647
vt 0.596692 0.250000
vt 0.619018 0.242024
vt 0.596692 0.212256
vt 0.625000 0.212256
vt 0.352353 0.712256
vt 0.375000 0.712256
vt 0.378988 0.747873
vt 0.403308 0.712256
vt 0.403308 0.750000
vt 0.403308 0.772647
vt 0.647647 0.712255
vt 0.624202 0.744682
vt 0.596692 0.772647
vt 0.596692 0.750000
vt 0.596692 0.712255
vt 0.352353 0.537745
vt 0.375798 0.505318
vt 0.375000 0.537744
vt 0.403308 0.477353
vt 0.403308 0.500000
vt 0.403308 0.537745
vt 0.647647 0.537745
vt 0.621012 0.502127
vt 0.596692 0.537744
vt 0.596692 0.500000
vt 0.596692 0.477353
vt 0.147647 0.712256
vt 0.125000 0.712256
vt 0.403308 0.037744
vt 0.596692 0.037744
vt 0.625000 0.037744
vt 0.147647 0.537744
vt 0.125000 0.537744
vt 0.403308 0.212256
vt 0.375000 0.212256
vt 0.852353 0.537744
vt 0.619018 0.242024
vt 0.596692 0.212256
vt 0.625000 0.212256
vt 0.647647 0.712256
vt 0.352353 0.537744
vt 0.403308 0.537744
vt 0.647647 0.537744
vt 0.625000 0.537744
vt 0.596692 0.537744
vt 0.403308 0.037744
vt 0.375000 0.037744
vt 0.375000 0.015953
vt 0.852353 0.712256
vt 0.596692 0.037744
vt 0.625000 0.037744
vt 0.403308 0.212255
vt 0.852353 0.537745
vt 0.875000 0.537745
vt 0.619018 0.242024
vt 0.596692 0.212255
vt 0.625000 0.212255
vt 0.352353 0.712256
vt 0.403308 0.712256
vt 0.625000 0.712256
vt 0.596692 0.712256
vt 0.352353 0.537745
vt 0.375798 0.505318
vt 0.375000 0.537745
vt 0.403308 0.537745
vt 0.596692 0.537745
vt 0.238234 0.737419
vt 0.238234 0.750000
vt 0.172858 0.750000
vt 0.125000 0.737418
vt 0.381470 0.886766
vt 0.381471 1.000000
vt 0.377735 1.000000
vt 0.375000 0.886766
vt 0.381471 0.012581
vt 0.375000 0.012581
vt 0.375000 0.005318
vt 0.381471 0.000000
vt 0.618529 0.886766
vt 0.625000 0.886766
vt 0.625000 0.952142
vt 0.618530 1.000000
vt 0.761766 0.737419
vt 0.875000 0.737418
vt 0.875000 0.744682
vt 0.761766 0.750000
vt 0.618530 0.012581
vt 0.618529 0.000000
vt 0.622265 0.000000
vt 0.625000 0.012581
vt 0.238234 0.512581
vt 0.125000 0.512581
vt 0.125000 0.505318
vt 0.238233 0.500000
vt 0.381470 0.237419
vt 0.381471 0.250000
vt 0.376367 0.273929
vt 0.375000 0.237419
vt 0.381470 0.363234
vt 0.375000 0.363233
vt 0.761766 0.512581
vt 0.761766 0.500000
vt 0.827142 0.500000
vt 0.875000 0.512581
vt 0.618529 0.363234
vt 0.618530 0.250000
vt 0.623633 0.247341
vt 0.625000 0.363234
vt 0.618529 0.237419
vt 0.625000 0.237419
vt 0.261766 0.737419
vt 0.375000 0.737418
vt 0.375912 0.764180
vt 0.318383 0.806617
vt 0.381471 0.737419
vt 0.381471 0.750000
vt 0.381470 0.863234
vt 0.738234 0.737419
vt 0.681617 0.806617
vt 0.640041 0.748228
vt 0.625000 0.737418
vt 0.618529 0.863234
vt 0.618530 0.750000
vt 0.618530 0.737418
vt 0.261766 0.512581
vt 0.318383 0.443383
vt 0.359959 0.501773
vt 0.375000 0.512581
vt 0.381470 0.386766
vt 0.381471 0.500000
vt 0.381470 0.512581
vt 0.738234 0.512581
vt 0.625000 0.512581
vt 0.624088 0.485820
vt 0.681617 0.443383
vt 0.618529 0.512581
vt 0.618530 0.500000
vt 0.618529 0.386766
vt 0.750000 0.425692
vt 0.711962 0.479808
vt 0.745503 0.488795
vt 0.788039 0.479807
vt 0.041667 0.505329
vt 0.000000 0.505329
vt 0.000000 0.502252
vt 0.026416 0.500000
vt 0.958333 0.505329
vt 0.973584 0.500000
vt 0.996877 0.500000
vt 1.000000 0.505329
vt 0.250000 0.425692
vt 0.288039 0.479808
vt 0.254497 0.488795
vt 0.211961 0.479807
vt 0.958333 0.994671
vt 1.000000 0.994671
vt 1.000000 0.997748
vt 0.973584 1.000000
vt 0.041667 0.994671
vt 0.026416 1.000000
vt 0.003123 1.000000
vt 0.000000 0.994671
vt 0.902154 0.337846
vt 0.930000 0.397846
vt 0.954554 0.373292
vt 0.968038 0.331962
vt 0.875000 0.505329
vt 0.833333 0.505329
vt 0.831772 0.501126
vt 0.859749 0.500000
vt 0.791667 0.505329
vt 0.806918 0.500000
vt 0.402154 0.337846
vt 0.468038 0.331961
vt 0.459051 0.365503
vt 0.430000 0.397846
vt 0.791667 0.994671
vt 0.833333 0.994671
vt 0.834895 0.998874
vt 0.806918 1.000000
vt 0.875000 0.994671
vt 0.859749 1.000000
vt 0.750000 0.074308
vt 0.788039 0.020192
vt 0.754497 0.011205
vt 0.711961 0.020192
vt 0.541667 0.505329
vt 0.500000 0.505329
vt 0.498439 0.501126
vt 0.526416 0.500000
vt 0.458334 0.505329
vt 0.473585 0.500000
vt 0.250000 0.074308
vt 0.211962 0.020192
vt 0.245503 0.011205
vt 0.288038 0.020192
vt 0.458333 0.994671
vt 0.500000 0.994671
vt 0.501562 0.998874
vt 0.473584 1.000000
vt 0.541667 0.994671
vt 0.526415 1.000000
vt 0.597846 0.162154
vt 0.570000 0.102154
vt 0.545446 0.126708
vt 0.531962 0.168039
vt 0.375000 0.505329
vt 0.333333 0.505329
vt 0.331772 0.501126
vt 0.359749 0.500000
vt 0.291667 0.505329
vt 0.306918 0.500000
vt 0.097846 0.162154
vt 0.031962 0.168039
vt 0.040949 0.134497
vt 0.070000 0.102154
vt 0.291667 0.994671
vt 0.333333 0.994671
vt 0.334895 0.998874
vt 0.306918 1.000000
vt 0.375000 0.994671
vt 0.359749 1.000000
vt 0.662154 0.402154
vt 0.602154 0.430000
vt 0.626708 0.454554
vt 0.668038 0.468038
vt 0.125000 0.505329
vt 0.083333 0.505329
vt 0.081772 0.501126
vt 0.109749 0.500000
vt 0.041667 0.505329
vt 0.056918 0.500000
vt 0.162154 0.402154
vt 0.168038 0.468038
vt 0.134497 0.459051
vt 0.102154 0.430000
vt 0.041667 0.994671
vt 0.083333 0.994671
vt 0.084895 0.998874
vt 0.056918 1.000000
vt 0.125000 0.994671
vt 0.109749 1.000000
vt 0.136323 0.742923
vt 0.136323 0.750000
vt 0.129786 0.750000
vt 0.125000 0.742923
vt 0.385294 0.988677
vt 0.385294 1.000000
vt 0.379351 1.000000
vt 0.375000 0.988677
vt 0.385294 0.007077
vt 0.375000 0.007077
vt 0.385294 0.000000
vt 0.614706 0.988677
vt 0.625000 0.988677
vt 0.625000 0.995214
vt 0.614706 1.000000
vt 0.863677 0.742923
vt 0.875000 0.742923
vt 0.863677 0.750000
vt 0.614706 0.007077
vt 0.614706 0.000000
vt 0.620649 0.000000
vt 0.625000 0.007077
vt 0.136323 0.507077
vt 0.136323 0.500000
vt 0.385294 0.242923
vt 0.385294 0.250000
vt 0.377175 0.252393
vt 0.375000 0.242923
vt 0.385294 0.261323
vt 0.375000 0.261323
vt 0.863677 0.507077
vt 0.863677 0.500000
vt 0.870214 0.500000
vt 0.875000 0.507077
vt 0.614706 0.261323
vt 0.614706 0.250000
vt 0.622825 0.248504
vt 0.625000 0.261323
vt 0.614706 0.242923
vt 0.625000 0.242923
vt 0.363677 0.742923
vt 0.376450 0.750598
vt 0.369338 0.755662
vt 0.385294 0.742923
vt 0.385294 0.750000
vt 0.385294 0.761323
vt 0.636323 0.742923
vt 0.630662 0.755662
vt 0.625145 0.749003
vt 0.625000 0.742923
vt 0.614706 0.761323
vt 0.614706 0.750000
vt 0.614706 0.742923
vt 0.363677 0.507077
vt 0.369338 0.494338
vt 0.374855 0.500997
vt 0.385294 0.488677
vt 0.385294 0.500000
vt 0.385294 0.507077
vt 0.636323 0.507077
vt 0.623550 0.499402
vt 0.630662 0.494338
vt 0.614706 0.507077
vt 0.614706 0.500000
vt 0.614706 0.488677
vt 1.000000 0.590587
vt 0.968750 0.590587
vt 0.968750 0.500000
vt 0.999896 0.500000
vt 0.750000 0.489985
vt 0.796819 0.485373
vt 0.795756 0.480032
vt 0.750000 0.484539
vt 0.968750 0.909413
vt 1.000000 0.909413
vt 0.999896 1.000000
vt 0.968750 1.000000
vt 0.296819 0.485373
vt 0.250000 0.489985
vt 0.250000 0.484539
vt 0.295756 0.480032
vt 0.937500 0.590587
vt 0.937500 0.500000
vt 0.841838 0.471717
vt 0.839754 0.466685
vt 0.937500 0.909413
vt 0.937500 1.000000
vt 0.341838 0.471717
vt 0.339754 0.466685
vt 0.906250 0.590587
vt 0.906250 0.500000
vt 0.883328 0.449540
vt 0.880303 0.445012
vt 0.906250 0.909413
vt 0.906250 1.000000
vt 0.383328 0.449540
vt 0.380303 0.445012
vt 0.875000 0.590587
vt 0.875000 0.500000
vt 0.919695 0.419695
vt 0.915844 0.415844
vt 0.875000 0.909413
vt 0.875000 1.000000
vt 0.419695 0.419695
vt 0.415844 0.415844
vt 0.843750 0.590587
vt 0.843750 0.500000
vt 0.949540 0.383328
vt 0.945012 0.380303
vt 0.843750 0.909413
vt 0.843750 1.000000
vt 0.449540 0.383328
vt 0.445012 0.380303
vt 0.812500 0.590587
vt 0.812500 0.500000
vt 0.971717 0.341838
vt 0.966685 0.339754
vt 0.812500 0.909413
vt 0.812500 1.000000
vt 0.471717 0.341838
vt 0.466685 0.339754
vt 0.781250 0.590587
vt 0.781250 0.500000
vt 0.985373 0.296819
vt 0.980032 0.295756
vt 0.781250 0.909413
vt 0.781250 1.000000
vt 0.485373 0.296819
vt 0.480032 0.295756
vt 0.750000 0.590587
vt 0.750000 0.500000
vt 0.989985 0.250000
vt 0.984538 0.250000
vt 0.750000 0.909413
vt 0.750000 1.000000
vt 0.489985 0.250000
vt 0.484539 0.250000
vt 0.718750 0.590587
vt 0.718750 0.500000
vt 0.985373 0.203181
vt 0.980032 0.204244
vt 0.718750 0.909413
vt 0.718750 1.000000
vt 0.485373 0.203181
vt 0.480032 0.204244
vt 0.687500 0.590587
vt 0.687500 0.500000
vt 0.971717 0.158162
vt 0.966685 0.160246
vt 0.687500 0.909413
vt 0.687500 1.000000
vt 0.471717 0.158162
vt 0.466685 0.160246
vt 0.656250 0.590587
vt 0.656250 0.500000
vt 0.949540 0.116672
vt 0.945012 0.119697
vt 0.656250 0.909413
vt 0.656250 1.000000
vt 0.449540 0.116672
vt 0.445012 0.119697
vt 0.625000 0.590587
vt 0.625000 0.500000
vt 0.919695 0.080305
vt 0.915844 0.084156
vt 0.625000 0.909413
vt 0.625000 1.000000
vt 0.419695 0.080305
vt 0.415844 0.084156
vt 0.593750 0.590587
vt 0.593750 0.500000
vt 0.883328 0.050460
vt 0.880303 0.054988
vt 0.593750 0.909413
vt 0.593750 1.000000
vt 0.383328 0.050460
vt 0.380303 0.054988
vt 0.562500 0.590587
vt 0.562500 0.500000
vt 0.841838 0.028283
vt 0.839754 0.033315
vt 0.562500 0.909413
vt 0.562500 1.000000
vt 0.341838 0.028283
vt 0.339754 0.033315
vt 0.531250 0.590587
vt 0.531250 0.500000
vt 0.796819 0.014627
vt 0.795756 0.019968
vt 0.531250 0.909413
vt 0.531250 1.000000
vt 0.296819 0.014627
vt 0.295756 0.019968
vt 0.500000 0.590587
vt 0.500000 0.500000
vt 0.750000 0.010015
vt 0.750000 0.015462
vt 0.500000 0.909413
vt 0.500000 1.000000
vt 0.250000 0.010015
vt 0.250000 0.015462
vt 0.468750 0.590587
vt 0.468750 0.500000
vt 0.703181 0.014627
vt 0.704244 0.019968
vt 0.468750 0.909413
vt 0.468750 1.000000
vt 0.203181 0.014627
vt 0.204244 0.019968
vt 0.437500 0.590587
vt 0.437500 0.500000
vt 0.658162 0.028283
vt 0.660246 0.033315
vt 0.437500 0.909413
vt 0.437500 1.000000
vt 0.158162 0.028283
vt 0.160246 0.033315
vt 0.406250 0.590587
vt 0.406250 0.500000
vt 0.616672 0.050460
vt 0.619698 0.054988
vt 0.406250 0.909413
vt 0.406250 1.000000
vt 0.116672 0.050460
vt 0.119697 0.054988
vt 0.375000 0.590587
vt 0.375000 0.500000
vt 0.580305 0.080305
vt 0.584156 0.084156
vt 0.375000 0.909413
vt 0.375000 1.000000
vt 0.080305 0.080305
vt 0.084156 0.084156
vt 0.343750 0.590587
vt 0.343750 0.500000
vt 0.550460 0.116672
vt 0.554989 0.119697
vt 0.343750 0.909413
vt 0.343750 1.000000
vt 0.050460 0.116672
vt 0.054988 0.119697
vt 0.312500 0.590587
vt 0.312500 0.500000
vt 0.528283 0.158162
vt 0.533315 0.160246
vt 0.312500 0.909413
vt 0.312500 1.000000
vt 0.028283 0.158162
vt 0.033315 0.160246
vt 0.281250 0.590587
vt 0.281250 0.500000
vt 0.514627 0.203181
vt 0.519968 0.204244
vt 0.281250 0.909413
vt 0.281250 1.000000
vt 0.014627 0.203181
vt 0.019968 0.204244
vt 0.250000 0.590587
vt 0.250000 0.500000
vt 0.510015 0.250000
vt 0.515462 0.250000
vt 0.250000 0.909413
vt 0.250000 1.000000
vt 0.010015 0.250000
vt 0.015462 0.250000
vt 0.218750 0.590587
vt 0.218750 0.500000
vt 0.514627 0.296819
vt 0.519968 0.295756
vt 0.218750 0.909413
vt 0.218750 1.000000
vt 0.014627 0.296819
vt 0.019968 0.295756
vt 0.187500 0.590587
vt 0.187500 0.500000
vt 0.528283 0.341838
vt 0.533315 0.339754
vt 0.187500 0.909413
vt 0.187500 1.000000
vt 0.028283 0.341838
vt 0.033315 0.339754
vt 0.156250 0.590587
vt 0.156250 0.500000
vt 0.550460 0.383328
vt 0.554989 0.380303
vt 0.156250 0.909413
vt 0.156250 1.000000
vt 0.050460 0.383328
vt 0.054988 0.380303
vt 0.125000 0.590587
vt 0.125000 0.500000
vt 0.580305 0.419695
vt 0.584156 0.415844
vt 0.125000 0.909413
vt 0.125000 1.000000
vt 0.080305 0.419695
vt 0.084156 0.415844
vt 0.093750 0.590587
vt 0.093750 0.500000
vt 0.616672 0.449540
vt 0.619697 0.445012
vt 0.093750 0.909413
vt 0.093750 1.000000
vt 0.116672 0.449540
vt 0.119697 0.445012
vt 0.062500 0.590587
vt 0.062500 0.500000
vt 0.658162 0.471717
vt 0.660246 0.466685
vt 0.062500 0.909413
vt 0.062500 1.000000
vt 0.158162 0.471717
vt 0.160246 0.466685
vt 0.031250 0.590587
vt 0.031250 0.500000
vt 0.703181 0.485373
vt 0.704244 0.480032
vt 0.031250 0.909413
vt 0.031250 1.000000
vt 0.203181 0.485373
vt 0.204244 0.480032
vt 0.000000 0.590587
vt 0.000104 0.500000
vt 0.000000 0.909413
vt 0.000104 1.000000
vt 1.000000 0.613233
vt 0.968750 0.613233
vt 0.999890 0.500000
vt 0.750000 0.489984
vt 0.796818 0.485373
vt 0.795700 0.479750
vt 0.750000 0.484251
vt 0.968750 0.886767
vt 1.000000 0.886767
vt 0.999890 1.000000
vt 0.296819 0.485373
vt 0.250000 0.489984
vt 0.250000 0.484251
vt 0.295700 0.479750
vt 0.937500 0.613233
vt 0.841838 0.471716
vt 0.839644 0.466420
vt 0.937500 0.886767
vt 0.341838 0.471716
vt 0.339644 0.466420
vt 0.906250 0.613233
vt 0.883328 0.449539
vt 0.880143 0.444773
vt 0.906250 0.886767
vt 0.383328 0.449539
vt 0.380143 0.444773
vt 0.875000 0.613233
vt 0.919694 0.419694
vt 0.915641 0.415640
vt 0.875000 0.886767
vt 0.419694 0.419694
vt 0.415641 0.415641
vt 0.843750 0.613233
vt 0.949539 0.383328
vt 0.944772 0.380143
vt 0.843750 0.886767
vt 0.449539 0.383328
vt 0.444773 0.380143
vt 0.812500 0.613233
vt 0.971716 0.341838
vt 0.966420 0.339644
vt 0.812500 0.886767
vt 0.471716 0.341838
vt 0.466420 0.339644
vt 0.781250 0.613233
vt 0.985373 0.296819
vt 0.979750 0.295700
vt 0.781250 0.886767
vt 0.485373 0.296819
vt 0.479750 0.295700
vt 0.750000 0.613233
vt 0.989984 0.250000
vt 0.984251 0.250000
vt 0.750000 0.886767
vt 0.489984 0.250000
vt 0.484251 0.250000
vt 0.718750 0.613233
vt 0.985373 0.203181
vt 0.979750 0.204300
vt 0.718750 0.886767
vt 0.485373 0.203181
vt 0.479750 0.204300
vt 0.687500 0.613233
vt 0.971716 0.158162
vt 0.966420 0.160356
vt 0.687500 0.886767
vt 0.471716 0.158162
vt 0.466420 0.160356
vt 0.656250 0.613233
vt 0.949539 0.116672
vt 0.944773 0.119857
vt 0.656250 0.886767
vt 0.449539 0.116672
vt 0.444773 0.119857
vt 0.625000 0.613233
vt 0.919694 0.080306
vt 0.915641 0.084360
vt 0.625000 0.886767
vt 0.419694 0.080306
vt 0.415641 0.084359
vt 0.593750 0.613233
vt 0.883328 0.050461
vt 0.880143 0.055227
vt 0.593750 0.886767
vt 0.383328 0.050461
vt 0.380143 0.055227
vt 0.562500 0.613233
vt 0.841838 0.028284
vt 0.839644 0.033580
vt 0.562500 0.886767
vt 0.341838 0.028284
vt 0.339644 0.033580
vt 0.531250 0.613233
vt 0.796818 0.014627
vt 0.795700 0.020250
vt 0.531250 0.886767
vt 0.296819 0.014627
vt 0.295700 0.020250
vt 0.500000 0.613233
vt 0.750000 0.010016
vt 0.750000 0.015749
vt 0.500000 0.886767
vt 0.250000 0.010016
vt 0.250000 0.015749
vt 0.468750 0.613233
vt 0.703182 0.014627
vt 0.704300 0.020250
vt 0.468750 0.886767
vt 0.203181 0.014627
vt 0.204300 0.020250
vt 0.437500 0.613233
vt 0.658162 0.028284
vt 0.660356 0.033580
vt 0.437500 0.886767
vt 0.158162 0.028284
vt 0.160356 0.033580
vt 0.406250 0.613233
vt 0.616672 0.050461
vt 0.619857 0.055227
vt 0.406250 0.886767
vt 0.116672 0.050461
vt 0.119857 0.055227
vt 0.375000 0.613233
vt 0.580306 0.080306
vt 0.584360 0.084359
vt 0.375000 0.886767
vt 0.080306 0.080306
vt 0.084359 0.084360
vt 0.343750 0.613233
vt 0.550461 0.116672
vt 0.555227 0.119857
vt 0.343750 0.886767
vt 0.050461 0.116672
vt 0.055227 0.119857
vt 0.312500 0.613233
vt 0.528284 0.158162
vt 0.533580 0.160356
vt 0.312500 0.886767
vt 0.312500 1.000000
vt 0.028284 0.158162
vt 0.033580 0.160356
vt 0.281250 0.613233
vt 0.514627 0.203181
vt 0.520250 0.204300
vt 0.281250 0.886767
vt 0.014627 0.203181
vt 0.020250 0.204300
vt 0.250000 0.613233
vt 0.510016 0.250000
vt 0.515749 0.250000
vt 0.250000 0.886767
vt 0.010016 0.250000
vt 0.015749 0.250000
vt 0.218750 0.613233
vt 0.218750 0.500000
vt 0.514627 0.296819
vt 0.520250 0.295700
vt 0.218750 0.886767
vt 0.218750 1.000000
vt 0.014627 0.296819
vt 0.020250 0.295700
vt 0.187500 0.613233
vt 0.528284 0.341838
vt 0.533580 0.339644
vt 0.187500 0.886767
vt 0.028284 0.341838
vt 0.033580 0.339644
vt 0.156250 0.613233
vt 0.156250 0.500000
vt 0.550461 0.383328
vt 0.555227 0.380143
vt 0.156250 0.886767
vt 0.050461 0.383328
vt 0.055227 0.380143
vt 0.125000 0.613233
vt 0.580306 0.419694
vt 0.584360 0.415641
vt 0.125000 0.886767
vt 0.080306 0.419694
vt 0.084360 0.415640
vt 0.093750 0.613233
vt 0.093750 0.500000
vt 0.616672 0.449539
vt 0.619857 0.444773
vt 0.093750 0.886767
vt 0.093750 1.000000
vt 0.116672 0.449539
vt 0.119857 0.444773
vt 0.062500 0.613233
vt 0.062500 0.500000
vt 0.658162 0.471716
vt 0.660356 0.466420
vt 0.062500 0.886767
vt 0.062500 1.000000
vt 0.158162 0.471716
vt 0.160356 0.466420
vt 0.031250 0.613233
vt 0.031250 0.500000
vt 0.703182 0.485373
vt 0.704300 0.479750
vt 0.031250 0.886767
vt 0.031250 1.000000
vt 0.203181 0.485373
vt 0.204300 0.479750
vt 0.000000 0.613233
vt 0.000110 0.500000
vt 0.000000 0.886767
vt 0.000110 1.000000
vt 0.916667 0.505329
vt 0.916667 0.500000
vt 0.869369 0.456753
vt 0.837846 0.402154
vt 0.916667 0.994671
vt 0.916667 1.000000
vt 0.369369 0.456753
vt 0.337846 0.402154
vt 0.750000 0.505329
vt 0.988738 0.250000
vt 0.925692 0.250000
vt 0.750000 0.994671
vt 0.488738 0.250000
vt 0.425692 0.250000
vt 0.666667 0.505329
vt 0.666667 0.500000
vt 0.956753 0.130631
vt 0.902154 0.162154
vt 0.666667 0.994671
vt 0.666667 1.000000
vt 0.456753 0.130631
vt 0.402154 0.162154
vt 0.583333 0.505329
vt 0.583333 0.500000
vt 0.869369 0.043247
vt 0.837846 0.097846
vt 0.583333 0.994671
vt 0.583333 1.000000
vt 0.369369 0.043247
vt 0.337846 0.097846
vt 0.416667 0.505329
vt 0.416667 0.500000
vt 0.630631 0.043247
vt 0.662154 0.097846
vt 0.416667 0.994671
vt 0.416667 1.000000
vt 0.130631 0.043247
vt 0.162154 0.097846
vt 0.250000 0.505329
vt 0.250000 0.500000
vt 0.511262 0.250000
vt 0.574308 0.250000
vt 0.250000 0.994671
vt 0.250000 1.000000
vt 0.011262 0.250000
vt 0.074308 0.250000
vt 0.166667 0.505329
vt 0.166667 0.500000
vt 0.543247 0.369369
vt 0.597846 0.337846
vt 0.166667 0.994671
vt 0.166667 1.000000
vt 0.043247 0.369369
vt 0.097846 0.337846
s 0
usemtl LightMarble.001
f 1/1/1 4/2/1 5/3/1 7/4/1
f 2/5/2 6/6/2 5/7/2 4/8/2
f 3/9/3 7/10/3 5/11/3 6/12/3
f 8/13/4 11/14/4 12/15/4 14/16/4
f 9/17/5 13/18/5 12/19/5 11/20/5
f 10/21/6 14/22/6 12/23/6 13/24/6
f 15/25/7 18/26/7 19/27/7 21/28/7
f 16/29/8 20/30/8 19/31/8 18/32/8
f 17/33/9 21/34/9 19/31/9 20/30/9
f 22/35/10 25/36/10 26/37/10 28/38/10
f 23/39/11 27/40/11 26/41/11 25/42/11
f 24/43/12 28/44/12 26/41/12 27/40/12
f 29/45/13 32/46/13 33/47/13 35/48/13
f 30/49/14 34/50/14 33/51/14 32/52/14
f 31/53/15 35/54/15 33/51/15 34/50/15
f 36/55/16 39/56/16 40/57/16 42/58/16
f 37/59/17 41/60/17 40/61/17 39/62/17
f 38/63/18 42/64/18 40/61/18 41/60/18
f 43/65/19 46/66/19 47/67/19 49/68/19
f 44/69/20 48/70/20 47/71/20 46/72/20
f 45/73/21 49/74/21 47/71/21 48/70/21
f 50/75/22 53/76/22 54/77/22 56/78/22
f 51/79/23 55/80/23 54/81/23 53/82/23
f 52/83/24 56/84/24 54/81/24 55/80/24
f 57/85/25 60/86/25 61/87/25 63/88/25
f 58/89/26 62/90/26 61/91/26 60/92/26
f 59/93/27 63/94/27 61/91/27 62/90/27
f 64/95/28 67/96/28 68/97/28 70/98/28
f 65/99/29 69/100/29 68/101/29 67/102/29
f 66/103/30 70/104/30 68/101/30 69/100/30
f 71/105/31 74/106/31 75/107/31 77/108/31
f 72/109/32 76/110/32 75/111/32 74/112/32
f 73/113/33 77/114/33 75/111/33 76/110/33
f 78/115/34 81/116/34 82/117/34 84/118/34
f 79/119/35 83/120/35 82/121/35 81/122/35
f 80/123/36 84/124/36 82/121/36 83/120/36
f 3/9/97 16/29/97 18/32/97 7/10/97
f 7/4/98 18/26/98 15/25/98 1/1/98
f 24/43/99 9/17/99 11/20/99 28/44/99
f 28/38/100 11/14/100 8/13/100 22/35/100
f 2/5/101 10/21/101 13/24/101 6/6/101
f 6/12/102 13/18/102 9/17/102 3/9/102
f 23/39/103 17/33/103 20/30/103 27/40/103
f 27/40/104 20/30/104 16/29/104 24/43/104
f 17/33/105 30/49/105 32/52/105 21/34/105
f 21/28/106 32/46/106 29/45/106 15/25/106
f 38/63/107 23/39/107 25/42/107 42/64/107
f 42/58/108 25/36/108 22/35/108 36/55/108
f 37/59/109 31/53/109 34/50/109 41/60/109
f 41/60/110 34/50/110 30/49/110 38/63/110
f 31/53/111 44/69/111 46/72/111 35/54/111
f 35/48/112 46/66/112 43/65/112 29/45/112
f 52/83/113 37/59/113 39/62/113 56/84/113
f 56/78/114 39/56/114 36/55/114 50/75/114
f 51/79/115 45/73/115 48/70/115 55/80/115
f 55/80/116 48/70/116 44/69/116 52/83/116
f 45/73/117 58/89/117 60/92/117 49/74/117
f 49/68/118 60/86/118 57/85/118 43/65/118
f 66/103/119 51/79/119 53/82/119 70/104/119
f 70/98/120 53/76/120 50/75/120 64/95/120
f 65/99/121 59/93/121 62/90/121 69/100/121
f 69/100/122 62/90/122 58/89/122 66/103/122
f 59/93/123 72/109/123 74/112/123 63/94/123
f 63/88/124 74/106/124 71/105/124 57/85/124
f 80/123/125 65/99/125 67/102/125 84/124/125
f 84/118/126 67/96/126 64/95/126 78/115/126
f 79/119/127 73/113/127 76/110/127 83/120/127
f 83/120/128 76/110/128 72/109/128 80/123/128
f 73/113/129 2/5/129 4/8/129 77/114/129
f 77/108/130 4/2/130 1/1/130 71/105/130
f 10/21/131 79/119/131 81/122/131 14/22/131
f 14/16/132 81/116/132 78/115/132 8/13/132
f 278/1365/133 284/1366/133 285/1107/133 279/1367/133
f 279/1368/134 285/1369/134 283/1370/134 277/1371/134
f 287/1372/135 281/1373/135 282/1374/135 288/1116/135
f 288/1375/136 282/1376/136 280/1377/136 286/1378/136
f 284/1366/137 290/1379/137 291/1122/137 285/1107/137
f 285/1369/138 291/1380/138 289/1381/138 283/1370/138
f 293/1382/139 287/1372/139 288/1116/139 294/1126/139
f 294/1383/140 288/1375/140 286/1378/140 292/1384/140
f 290/1379/141 296/1385/141 297/1130/141 291/1122/141
f 291/1380/142 297/1386/142 295/1387/142 289/1381/142
f 299/1388/143 293/1382/143 294/1126/143 300/1134/143
f 300/1389/144 294/1383/144 292/1384/144 298/1390/144
f 296/1385/145 302/1391/145 303/1138/145 297/1130/145
f 297/1386/146 303/1392/146 301/1393/146 295/1387/146
f 305/1394/147 299/1388/147 300/1134/147 306/1142/147
f 306/1395/148 300/1389/148 298/1390/148 304/1396/148
f 302/1391/149 308/1397/149 309/1146/149 303/1138/149
f 303/1392/150 309/1398/150 307/1399/150 301/1393/150
f 311/1400/151 305/1394/151 306/1142/151 312/1150/151
f 312/1401/152 306/1395/152 304/1396/152 310/1402/152
f 308/1397/153 314/1403/153 315/1154/153 309/1146/153
f 309/1398/154 315/1404/154 313/1405/154 307/1399/154
f 317/1406/155 311/1400/155 312/1150/155 318/1158/155
f 318/1407/156 312/1401/156 310/1402/156 316/1408/156
f 314/1403/157 320/1409/157 321/1162/157 315/1154/157
f 315/1404/158 321/1410/158 319/1411/158 313/1405/158
f 323/1412/159 317/1406/159 318/1158/159 324/1166/159
f 324/1413/160 318/1407/160 316/1408/160 322/1414/160
f 320/1409/161 326/1415/161 327/1170/161 321/1162/161
f 321/1410/162 327/1416/162 325/1417/162 319/1411/162
f 329/1418/163 323/1412/163 324/1166/163 330/1174/163
f 330/1419/164 324/1413/164 322/1414/164 328/1420/164
f 326/1415/165 332/1421/165 333/1178/165 327/1170/165
f 327/1416/166 333/1422/166 331/1423/166 325/1417/166
f 335/1424/167 329/1418/167 330/1174/167 336/1182/167
f 336/1425/168 330/1419/168 328/1420/168 334/1426/168
f 332/1421/169 338/1427/169 339/1186/169 333/1178/169
f 333/1422/170 339/1428/170 337/1429/170 331/1423/170
f 341/1430/171 335/1424/171 336/1182/171 342/1190/171
f 342/1431/172 336/1425/172 334/1426/172 340/1432/172
f 338/1427/173 344/1433/173 345/1194/173 339/1186/173
f 339/1428/174 345/1434/174 343/1435/174 337/1429/174
f 347/1436/175 341/1430/175 342/1190/175 348/1198/175
f 348/1437/176 342/1431/176 340/1432/176 346/1438/176
f 344/1433/177 350/1439/177 351/1202/177 345/1194/177
f 345/1434/178 351/1440/178 349/1441/178 343/1435/178
f 353/1442/179 347/1436/179 348/1198/179 354/1206/179
f 354/1443/180 348/1437/180 346/1438/180 352/1444/180
f 350/1439/181 356/1445/181 357/1210/181 351/1202/181
f 351/1440/182 357/1446/182 355/1447/182 349/1441/182
f 359/1448/183 353/1442/183 354/1206/183 360/1214/183
f 360/1449/184 354/1443/184 352/1444/184 358/1450/184
f 356/1445/185 362/1451/185 363/1218/185 357/1210/185
f 357/1446/186 363/1452/186 361/1453/186 355/1447/186
f 365/1454/187 359/1448/187 360/1214/187 366/1222/187
f 366/1455/188 360/1449/188 358/1450/188 364/1456/188
f 362/1451/189 368/1457/189 369/1226/189 363/1218/189
f 363/1452/190 369/1458/190 367/1459/190 361/1453/190
f 371/1460/191 365/1454/191 366/1222/191 372/1230/191
f 372/1461/192 366/1455/192 364/1456/192 370/1462/192
f 368/1457/193 374/1463/193 375/1234/193 369/1226/193
f 369/1458/194 375/1464/194 373/1465/194 367/1459/194
f 377/1466/195 371/1460/195 372/1230/195 378/1238/195
f 378/1467/196 372/1461/196 370/1462/196 376/1468/196
f 374/1463/197 380/1469/197 381/1242/197 375/1234/197
f 375/1464/198 381/1470/198 379/1471/198 373/1465/198
f 383/1472/199 377/1466/199 378/1238/199 384/1246/199
f 384/1473/200 378/1467/200 376/1468/200 382/1474/200
f 380/1469/201 386/1475/201 387/1250/201 381/1242/201
f 381/1470/202 387/1476/202 385/1477/202 379/1471/202
f 389/1478/203 383/1472/203 384/1246/203 390/1254/203
f 390/1479/204 384/1473/204 382/1474/204 388/1480/204
f 386/1475/205 392/1481/205 393/1258/205 387/1250/205
f 387/1476/206 393/1482/206 391/1483/206 385/1477/206
f 395/1484/207 389/1478/207 390/1254/207 396/1262/207
f 396/1485/208 390/1479/208 388/1480/208 394/1486/208
f 392/1481/209 398/1487/209 399/1266/209 393/1258/209
f 393/1482/210 399/1488/210 397/1489/210 391/1483/210
f 401/1490/211 395/1484/211 396/1262/211 402/1270/211
f 402/1491/212 396/1485/212 394/1486/212 400/1492/212
f 398/1487/213 404/1493/213 405/1274/213 399/1266/213
f 399/1488/214 405/1494/214 403/1495/214 397/1489/214
f 407/1496/215 401/1490/215 402/1270/215 408/1278/215
f 408/1497/216 402/1491/216 400/1492/216 406/1498/216
f 404/1493/217 410/1499/217 411/1282/217 405/1274/217
f 405/1494/218 411/1500/218 409/1501/218 403/1495/218
f 413/1502/219 407/1496/219 408/1278/219 414/1503/219
f 414/1504/220 408/1497/220 406/1498/220 412/1505/220
f 410/1499/221 416/1506/221 417/1290/221 411/1282/221
f 411/1500/222 417/1507/222 415/1508/222 409/1501/222
f 419/1509/223 413/1502/223 414/1503/223 420/1294/223
f 420/1510/224 414/1504/224 412/1505/224 418/1511/224
f 416/1506/225 422/1512/225 423/1298/225 417/1290/225
f 417/1507/226 423/1513/226 421/1514/226 415/1508/226
f 425/1515/227 419/1509/227 420/1294/227 426/1302/227
f 426/1516/228 420/1510/228 418/1511/228 424/1517/228
f 422/1512/229 428/1518/229 429/1519/229 423/1298/229
f 423/1513/230 429/1520/230 427/1521/230 421/1514/230
f 431/1522/231 425/1515/231 426/1302/231 432/1523/231
f 432/1524/232 426/1516/232 424/1517/232 430/1525/232
f 428/1518/233 434/1526/233 435/1314/233 429/1519/233
f 429/1520/234 435/1527/234 433/1528/234 427/1521/234
f 437/1529/235 431/1522/235 432/1523/235 438/1318/235
f 438/1530/236 432/1524/236 430/1525/236 436/1531/236
f 434/1526/237 440/1532/237 441/1533/237 435/1314/237
f 435/1527/238 441/1534/238 439/1535/238 433/1528/238
f 443/1536/239 437/1529/239 438/1318/239 444/1326/239
f 444/1537/240 438/1530/240 436/1531/240 442/1538/240
f 440/1532/241 446/1539/241 447/1330/241 441/1533/241
f 441/1534/242 447/1540/242 445/1541/242 439/1535/242
f 449/1542/243 443/1536/243 444/1326/243 450/1334/243
f 450/1543/244 444/1537/244 442/1538/244 448/1544/244
f 446/1539/245 452/1545/245 453/1546/245 447/1330/245
f 447/1540/246 453/1547/246 451/1548/246 445/1541/246
f 455/1549/247 449/1542/247 450/1334/247 456/1550/247
f 456/1551/248 450/1543/248 448/1544/248 454/1552/248
f 452/1545/249 458/1553/249 459/1554/249 453/1546/249
f 453/1547/250 459/1555/250 457/1556/250 451/1548/250
f 461/1557/251 455/1549/251 456/1550/251 462/1558/251
f 462/1559/252 456/1551/252 454/1552/252 460/1560/252
f 458/1553/253 464/1561/253 465/1562/253 459/1554/253
f 459/1555/254 465/1563/254 463/1564/254 457/1556/254
f 467/1565/255 461/1557/255 462/1558/255 468/1566/255
f 468/1567/256 462/1559/256 460/1560/256 466/1568/256
f 464/1561/257 278/1569/257 279/1570/257 465/1562/257
f 465/1563/258 279/1368/258 277/1371/258 463/1564/258
f 281/1571/259 467/1565/259 468/1566/259 282/1572/259
f 282/1376/260 468/1567/260 466/1568/260 280/1377/260
f 1/1/343 15/25/343 29/45/343 43/65/343 57/85/343 71/105/343
f 3/9/344 9/17/344 24/43/344 16/29/344
f 73/113/345 79/119/345 10/21/345 2/5/345
f 22/35/346 8/13/346 78/115/346 64/95/346 50/75/346 36/55/346
f 17/33/347 23/39/347 38/63/347 30/49/347
f 31/53/348 37/59/348 52/83/348 44/69/348
f 45/73/349 51/79/349 66/103/349 58/89/349
f 59/93/350 65/99/350 80/123/350 72/109/350
f 277/1371/343 283/1370/343 289/1381/343 295/1387/343 301/1393/343 307/1399/343 313/1405/343 319/1411/343 325/1417/343 331/1423/343 337/1429/343 343/1435/343 349/1441/343 355/1447/343 361/1453/343 367/1459/343 373/1465/343 379/1471/343 385/1477/343 391/1483/343 397/1489/343 403/1495/343 409/1501/343 415/1508/343 421/1514/343 427/1521/343 433/1528/343 439/1535/343 445/1541/343 451/1548/343 457/1556/343 463/1564/343
f 278/1365/351 281/1373/351 287/1372/351 284/1366/351
f 464/1561/352 467/1565/352 281/1571/352 278/1569/352
f 286/1378/346 280/1377/346 466/1568/346 460/1560/346 454/1552/346 448/1544/346 442/1538/346 436/1531/346 430/1525/346 424/1517/346 418/1511/346 412/1505/346 406/1498/346 400/1492/346 394/1486/346 388/1480/346 382/1474/346 376/1468/346 370/1462/346 364/1456/346 358/1450/346 352/1444/346 346/1438/346 340/1432/346 334/1426/346 328/1420/346 322/1414/346 316/1408/346 310/1402/346 304/1396/346 298/1390/346 292/1384/346
f 284/1366/353 287/1372/353 293/1382/353 290/1379/353
f 290/1379/354 293/1382/354 299/1388/354 296/1385/354
f 296/1385/355 299/1388/355 305/1394/355 302/1391/355
f 302/1391/356 305/1394/356 311/1400/356 308/1397/356
f 308/1397/357 311/1400/357 317/1406/357 314/1403/357
f 314/1403/358 317/1406/358 323/1412/358 320/1409/358
f 320/1409/359 323/1412/359 329/1418/359 326/1415/359
f 326/1415/360 329/1418/360 335/1424/360 332/1421/360
f 332/1421/361 335/1424/361 341/1430/361 338/1427/361
f 338/1427/362 341/1430/362 347/1436/362 344/1433/362
f 344/1433/363 347/1436/363 353/1442/363 350/1439/363
f 350/1439/364 353/1442/364 359/1448/364 356/1445/364
f 356/1445/365 359/1448/365 365/1454/365 362/1451/365
f 362/1451/366 365/1454/366 371/1460/366 368/1457/366
f 368/1457/367 371/1460/367 377/1466/367 374/1463/367
f 374/1463/368 377/1466/368 383/1472/368 380/1469/368
f 380/1469/369 383/1472/369 389/1478/369 386/1475/369
f 386/1475/370 389/1478/370 395/1484/370 392/1481/370
f 392/1481/371 395/1484/371 401/1490/371 398/1487/371
f 398/1487/372 401/1490/372 407/1496/372 404/1493/372
f 404/1493/373 407/1496/373 413/1502/373 410/1499/373
f 410/1499/374 413/1502/374 419/1509/374 416/1506/374
f 416/1506/375 419/1509/375 425/1515/375 422/1512/375
f 422/1512/376 425/1515/376 431/1522/376 428/1518/376
f 428/1518/377 431/1522/377 437/1529/377 434/1526/377
f 434/1526/378 437/1529/378 443/1536/378 440/1532/378
f 440/1532/379 443/1536/379 449/1542/379 446/1539/379
f 446/1539/380 449/1542/380 455/1549/380 452/1545/380
f 452/1545/381 455/1549/381 461/1557/381 458/1553/381
f 458/1553/382 461/1557/382 467/1565/382 464/1561/382
usemtl GoldInlay.001
f 86/1105/133 92/1106/133 93/1107/133 87/1108/133
f 87/1109/134 93/1110/134 91/1111/134 85/1112/134
f 95/1113/135 89/1114/135 90/1115/135 96/1116/135
f 96/1117/136 90/1118/136 88/1119/136 94/1120/136
f 92/1106/137 98/1121/137 99/1122/137 93/1107/137
f 93/1110/138 99/1123/138 97/1124/138 91/1111/138
f 101/1125/139 95/1113/139 96/1116/139 102/1126/139
f 102/1127/140 96/1117/140 94/1120/140 100/1128/140
f 98/1121/141 104/1129/141 105/1130/141 99/1122/141
f 99/1123/142 105/1131/142 103/1132/142 97/1124/142
f 107/1133/143 101/1125/143 102/1126/143 108/1134/143
f 108/1135/144 102/1127/144 100/1128/144 106/1136/144
f 104/1129/145 110/1137/145 111/1138/145 105/1130/145
f 105/1131/146 111/1139/146 109/1140/146 103/1132/146
f 113/1141/147 107/1133/147 108/1134/147 114/1142/147
f 114/1143/148 108/1135/148 106/1136/148 112/1144/148
f 110/1137/149 116/1145/149 117/1146/149 111/1138/149
f 111/1139/150 117/1147/150 115/1148/150 109/1140/150
f 119/1149/151 113/1141/151 114/1142/151 120/1150/151
f 120/1151/152 114/1143/152 112/1144/152 118/1152/152
f 116/1145/153 122/1153/153 123/1154/153 117/1146/153
f 117/1147/154 123/1155/154 121/1156/154 115/1148/154
f 125/1157/155 119/1149/155 120/1150/155 126/1158/155
f 126/1159/156 120/1151/156 118/1152/156 124/1160/156
f 122/1153/157 128/1161/157 129/1162/157 123/1154/157
f 123/1155/158 129/1163/158 127/1164/158 121/1156/158
f 131/1165/159 125/1157/159 126/1158/159 132/1166/159
f 132/1167/160 126/1159/160 124/1160/160 130/1168/160
f 128/1161/161 134/1169/161 135/1170/161 129/1162/161
f 129/1163/162 135/1171/162 133/1172/162 127/1164/162
f 137/1173/163 131/1165/163 132/1166/163 138/1174/163
f 138/1175/164 132/1167/164 130/1168/164 136/1176/164
f 134/1169/165 140/1177/165 141/1178/165 135/1170/165
f 135/1171/166 141/1179/166 139/1180/166 133/1172/166
f 143/1181/167 137/1173/167 138/1174/167 144/1182/167
f 144/1183/168 138/1175/168 136/1176/168 142/1184/168
f 140/1177/169 146/1185/169 147/1186/169 141/1178/169
f 141/1179/170 147/1187/170 145/1188/170 139/1180/170
f 149/1189/171 143/1181/171 144/1182/171 150/1190/171
f 150/1191/172 144/1183/172 142/1184/172 148/1192/172
f 146/1185/173 152/1193/173 153/1194/173 147/1186/173
f 147/1187/174 153/1195/174 151/1196/174 145/1188/174
f 155/1197/175 149/1189/175 150/1190/175 156/1198/175
f 156/1199/176 150/1191/176 148/1192/176 154/1200/176
f 152/1193/177 158/1201/177 159/1202/177 153/1194/177
f 153/1195/178 159/1203/178 157/1204/178 151/1196/178
f 161/1205/179 155/1197/179 156/1198/179 162/1206/179
f 162/1207/180 156/1199/180 154/1200/180 160/1208/180
f 158/1201/181 164/1209/181 165/1210/181 159/1202/181
f 159/1203/182 165/1211/182 163/1212/182 157/1204/182
f 167/1213/183 161/1205/183 162/1206/183 168/1214/183
f 168/1215/184 162/1207/184 160/1208/184 166/1216/184
f 164/1209/185 170/1217/185 171/1218/185 165/1210/185
f 165/1211/186 171/1219/186 169/1220/186 163/1212/186
f 173/1221/187 167/1213/187 168/1214/187 174/1222/187
f 174/1223/188 168/1215/188 166/1216/188 172/1224/188
f 170/1217/189 176/1225/189 177/1226/189 171/1218/189
f 171/1219/190 177/1227/190 175/1228/190 169/1220/190
f 179/1229/191 173/1221/191 174/1222/191 180/1230/191
f 180/1231/192 174/1223/192 172/1224/192 178/1232/192
f 176/1225/193 182/1233/193 183/1234/193 177/1226/193
f 177/1227/194 183/1235/194 181/1236/194 175/1228/194
f 185/1237/195 179/1229/195 180/1230/195 186/1238/195
f 186/1239/196 180/1231/196 178/1232/196 184/1240/196
f 182/1233/197 188/1241/197 189/1242/197 183/1234/197
f 183/1235/198 189/1243/198 187/1244/198 181/1236/198
f 191/1245/199 185/1237/199 186/1238/199 192/1246/199
f 192/1247/200 186/1239/200 184/1240/200 190/1248/200
f 188/1241/201 194/1249/201 195/1250/201 189/1242/201
f 189/1243/202 195/1251/202 193/1252/202 187/1244/202
f 197/1253/203 191/1245/203 192/1246/203 198/1254/203
f 198/1255/204 192/1247/204 190/1248/204 196/1256/204
f 194/1249/205 200/1257/205 201/1258/205 195/1250/205
f 195/1251/206 201/1259/206 199/1260/206 193/1252/206
f 203/1261/207 197/1253/207 198/1254/207 204/1262/207
f 204/1263/208 198/1255/208 196/1256/208 202/1264/208
f 200/1257/209 206/1265/209 207/1266/209 201/1258/209
f 201/1259/210 207/1267/210 205/1268/210 199/1260/210
f 209/1269/211 203/1261/211 204/1262/211 210/1270/211
f 210/1271/212 204/1263/212 202/1264/212 208/1272/212
f 206/1265/213 212/1273/213 213/1274/213 207/1266/213
f 207/1267/214 213/1275/214 211/1276/214 205/1268/214
f 215/1277/215 209/1269/215 210/1270/215 216/1278/215
f 216/1279/216 210/1271/216 208/1272/216 214/1280/216
f 212/1273/217 218/1281/217 219/1282/217 213/1274/217
f 213/1275/218 219/1283/218 217/1284/218 211/1276/218
f 221/1285/219 215/1277/219 216/1278/219 222/1286/219
f 222/1287/220 216/1279/220 214/1280/220 220/1288/220
f 218/1281/221 224/1289/221 225/1290/221 219/1282/221
f 219/1283/222 225/1291/222 223/1292/222 217/1284/222
f 227/1293/223 221/1285/223 222/1286/223 228/1294/223
f 228/1295/224 222/1287/224 220/1288/224 226/1296/224
f 224/1289/225 230/1297/225 231/1298/225 225/1290/225
f 225/1291/226 231/1299/226 229/1300/226 223/1292/226
f 233/1301/227 227/1293/227 228/1294/227 234/1302/227
f 234/1303/228 228/1295/228 226/1296/228 232/1304/228
f 230/1297/229 236/1305/229 237/1306/229 231/1298/229
f 231/1299/230 237/1307/230 235/1308/230 229/1300/230
f 239/1309/231 233/1301/231 234/1302/231 240/1310/231
f 240/1311/232 234/1303/232 232/1304/232 238/1312/232
f 236/1305/233 242/1313/233 243/1314/233 237/1306/233
f 237/1307/234 243/1315/234 241/1316/234 235/1308/234
f 245/1317/235 239/1309/235 240/1310/235 246/1318/235
f 246/1319/236 240/1311/236 238/1312/236 244/1320/236
f 242/1313/237 248/1321/237 249/1322/237 243/1314/237
f 243/1315/238 249/1323/238 247/1324/238 241/1316/238
f 251/1325/239 245/1317/239 246/1318/239 252/1326/239
f 252/1327/240 246/1319/240 244/1320/240 250/1328/240
f 248/1321/241 254/1329/241 255/1330/241 249/1322/241
f 249/1323/242 255/1331/242 253/1332/242 247/1324/242
f 257/1333/243 251/1325/243 252/1326/243 258/1334/243
f 258/1335/244 252/1327/244 250/1328/244 256/1336/244
f 254/1329/245 260/1337/245 261/1338/245 255/1330/245
f 255/1331/246 261/1339/246 259/1340/246 253/1332/246
f 263/1341/247 257/1333/247 258/1334/247 264/1342/247
f 264/1343/248 258/1335/248 256/1336/248 262/1344/248
f 260/1337/249 266/1345/249 267/1346/249 261/1338/249
f 261/1339/250 267/1347/250 265/1348/250 259/1340/250
f 269/1349/251 263/1341/251 264/1342/251 270/1350/251
f 270/1351/252 264/1343/252 262/1344/252 268/1352/252
f 266/1345/253 272/1353/253 273/1354/253 267/1346/253
f 267/1347/254 273/1355/254 271/1356/254 265/1348/254
f 275/1357/255 269/1349/255 270/1350/255 276/1358/255
f 276/1359/256 270/1351/256 268/1352/256 274/1360/256
f 272/1353/257 86/1361/257 87/1362/257 273/1354/257
f 273/1355/258 87/1109/258 85/1112/258 271/1356/258
f 89/1363/259 275/1357/259 276/1358/259 90/1364/259
f 90/1118/260 276/1359/260 274/1360/260 88/1119/260
f 85/1112/343 91/1111/343 97/1124/343 103/1132/343 109/1140/343 115/1148/343 121/1156/343 127/1164/343 133/1172/343 139/1180/343 145/1188/343 151/1196/343 157/1204/343 163/1212/343 169/1220/343 175/1228/343 181/1236/343 187/1244/343 193/1252/343 199/1260/343 205/1268/343 211/1276/343 217/1284/343 223/1292/343 229/1300/343 235/1308/343 241/1316/343 247/1324/343 253/1332/343 259/1340/343 265/1348/343 271/1356/343
f 86/1105/351 89/1114/351 95/1113/351 92/1106/351
f 272/1353/352 275/1357/352 89/1363/352 86/1361/352
f 94/1120/346 88/1119/346 274/1360/346 268/1352/346 262/1344/346 256/1336/346 250/1328/346 244/1320/346 238/1312/346 232/1304/346 226/1296/346 220/1288/346 214/1280/346 208/1272/346 202/1264/346 196/1256/346 190/1248/346 184/1240/346 178/1232/346 172/1224/346 166/1216/346 160/1208/346 154/1200/346 148/1192/346 142/1184/346 136/1176/346 130/1168/346 124/1160/346 118/1152/346 112/1144/346 106/1136/346 100/1128/346
f 92/1106/353 95/1113/353 101/1125/353 98/1121/353
f 98/1121/354 101/1125/354 107/1133/354 104/1129/354
f 104/1129/355 107/1133/355 113/1141/355 110/1137/355
f 110/1137/356 113/1141/356 119/1149/356 116/1145/356
f 116/1145/357 119/1149/357 125/1157/357 122/1153/357
f 122/1153/358 125/1157/358 131/1165/358 128/1161/358
f 128/1161/359 131/1165/359 137/1173/359 134/1169/359
f 134/1169/360 137/1173/360 143/1181/360 140/1177/360
f 140/1177/361 143/1181/361 149/1189/361 146/1185/361
f 146/1185/362 149/1189/362 155/1197/362 152/1193/362
f 152/1193/363 155/1197/363 161/1205/363 158/1201/363
f 158/1201/364 161/1205/364 167/1213/364 164/1209/364
f 164/1209/365 167/1213/365 173/1221/365 170/1217/365
f 170/1217/366 173/1221/366 179/1229/366 176/1225/366
f 176/1225/367 179/1229/367 185/1237/367 182/1233/367
f 182/1233/368 185/1237/368 191/1245/368 188/1241/368
f 188/1241/369 191/1245/369 197/1253/369 194/1249/369
f 194/1249/370 197/1253/370 203/1261/370 200/1257/370
f 200/1257/371 203/1261/371 209/1269/371 206/1265/371
f 206/1265/372 209/1269/372 215/1277/372 212/1273/372
f 212/1273/373 215/1277/373 221/1285/373 218/1281/373
f 218/1281/374 221/1285/374 227/1293/374 224/1289/374
f 224/1289/375 227/1293/375 233/1301/375 230/1297/375
f 230/1297/376 233/1301/376 239/1309/376 236/1305/376
f 236/1305/377 239/1309/377 245/1317/377 242/1313/377
f 242/1313/378 245/1317/378 251/1325/378 248/1321/378
f 248/1321/379 251/1325/379 257/1333/379 254/1329/379
f 254/1329/380 257/1333/380 263/1341/380 260/1337/380
f 260/1337/381 263/1341/381 269/1349/381 266/1345/381
f 266/1345/382 269/1349/382 275/1357/382 272/1353/382
usemtl LightMarble
f 469/125/37 472/126/37 473/127/37 475/128/37
f 470/129/38 474/130/38 473/131/38 472/132/38
f 471/133/39 475/134/39 473/135/39 474/136/39
f 476/137/40 479/138/40 480/139/40 482/140/40
f 477/141/41 481/142/41 480/143/41 479/144/41
f 478/145/42 482/146/42 480/147/42 481/148/42
f 483/149/43 486/150/43 487/151/43 489/152/43
f 484/153/44 488/154/44 487/155/44 486/156/44
f 485/157/45 489/158/45 487/155/45 488/154/45
f 490/159/46 493/160/46 494/161/46 496/162/46
f 491/163/47 495/164/47 494/165/47 493/166/47
f 492/167/48 496/168/48 494/165/48 495/164/48
f 497/169/49 500/170/49 501/171/49 503/172/49
f 498/173/50 502/174/50 501/171/50 500/170/50
f 499/175/51 503/172/51 501/171/51 502/174/51
f 504/176/52 507/177/52 508/178/52 510/179/52
f 505/180/53 509/181/53 508/178/53 507/177/53
f 506/182/54 510/179/54 508/178/54 509/181/54
f 511/183/55 514/184/55 515/185/55 517/186/55
f 512/187/56 516/188/56 515/185/56 514/184/56
f 513/189/57 517/186/57 515/185/57 516/188/57
f 518/190/58 521/191/58 522/192/58 524/193/58
f 519/194/59 523/195/59 522/192/59 521/191/59
f 520/196/60 524/193/60 522/192/60 523/195/60
f 581/125/37 584/269/37 585/127/37 587/128/37
f 582/129/38 586/130/38 585/131/38 584/270/38
f 583/133/39 587/134/39 585/135/39 586/136/39
f 588/137/40 591/138/40 592/139/40 594/140/40
f 589/141/41 593/142/41 592/143/41 591/271/41
f 590/145/42 594/146/42 592/147/42 593/148/42
f 595/272/43 598/150/43 599/151/43 601/273/43
f 596/153/44 600/154/44 599/155/44 598/156/44
f 597/274/45 601/275/45 599/155/45 600/154/45
f 602/159/46 605/160/46 606/161/46 608/162/46
f 603/276/47 607/164/47 606/165/47 605/277/47
f 604/167/48 608/168/48 606/165/48 607/164/48
f 609/169/49 612/170/49 613/171/49 615/172/49
f 610/173/50 614/174/50 613/171/50 612/170/50
f 611/278/51 615/172/51 613/171/51 614/174/51
f 616/176/52 619/177/52 620/178/52 622/279/52
f 617/280/53 621/181/53 620/178/53 619/177/53
f 618/182/54 622/279/54 620/178/54 621/181/54
f 623/183/55 626/281/55 627/185/55 629/186/55
f 624/282/56 628/188/56 627/185/56 626/281/56
f 625/189/57 629/186/57 627/185/57 628/188/57
f 630/283/58 633/191/58 634/192/58 636/193/58
f 631/194/59 635/195/59 634/192/59 633/191/59
f 632/284/60 636/193/60 634/192/60 635/195/60
f 693/315/37 696/316/37 697/317/37 699/318/37
f 694/319/38 698/320/38 697/321/38 696/322/38
f 695/323/39 699/324/39 697/325/39 698/326/39
f 700/327/40 703/328/40 704/329/40 706/330/40
f 701/331/41 705/332/41 704/333/41 703/334/41
f 702/335/42 706/336/42 704/337/42 705/338/42
f 707/339/43 710/340/43 711/341/43 713/342/43
f 708/343/44 712/344/44 711/345/44 710/346/44
f 709/347/45 713/348/45 711/345/45 712/344/45
f 714/349/46 717/350/46 718/351/46 720/352/46
f 715/353/47 719/354/47 718/355/47 717/356/47
f 716/357/48 720/358/48 718/355/48 719/354/48
f 721/359/49 724/360/49 725/361/49 727/362/49
f 722/363/50 726/364/50 725/361/50 724/360/50
f 723/365/51 727/362/51 725/361/51 726/364/51
f 728/366/52 731/367/52 732/368/52 734/369/52
f 729/370/53 733/371/53 732/368/53 731/367/53
f 730/372/54 734/369/54 732/368/54 733/371/54
f 735/373/55 738/374/55 739/375/55 741/376/55
f 736/377/56 740/378/56 739/375/56 738/374/56
f 737/379/57 741/376/57 739/375/57 740/378/57
f 742/380/58 745/381/58 746/382/58 748/383/58
f 743/384/59 747/385/59 746/382/59 745/381/59
f 744/386/60 748/383/60 746/382/60 747/385/60
f 973/571/37 976/572/37 977/573/37 979/574/37
f 974/575/38 978/576/38 977/577/38 976/578/38
f 975/579/39 979/580/39 977/581/39 978/582/39
f 980/583/40 983/584/40 984/585/40 986/586/40
f 981/587/41 985/588/41 984/589/41 983/590/41
f 982/591/42 986/592/42 984/593/42 985/594/42
f 987/595/43 990/596/43 991/597/43 993/598/43
f 988/599/44 992/600/44 991/601/44 990/602/44
f 989/603/45 993/604/45 991/601/45 992/600/45
f 994/605/46 997/606/46 998/607/46 1000/608/46
f 995/609/47 999/610/47 998/611/47 997/612/47
f 996/613/48 1000/614/48 998/611/48 999/610/48
f 1001/615/49 1004/616/49 1005/617/49 1007/618/49
f 1002/619/50 1006/620/50 1005/617/50 1004/616/50
f 1003/621/51 1007/618/51 1005/617/51 1006/620/51
f 1008/622/61 1011/623/61 1012/624/61 1014/625/61
f 1009/626/53 1013/627/53 1012/624/53 1011/623/53
f 1010/628/54 1014/625/54 1012/624/54 1013/627/54
f 1015/629/55 1018/630/55 1019/631/55 1021/632/55
f 1016/633/56 1020/634/56 1019/631/56 1018/630/56
f 1017/635/57 1021/632/57 1019/631/57 1020/634/57
f 1022/636/58 1025/637/58 1026/638/58 1028/639/58
f 1023/640/59 1027/641/59 1026/638/59 1025/637/59
f 1024/642/60 1028/639/60 1026/638/60 1027/641/60
f 1085/700/37 1088/701/37 1089/702/37 1091/703/37
f 1086/704/38 1090/705/38 1089/706/38 1088/707/38
f 1087/708/39 1091/709/39 1089/710/39 1090/711/39
f 1092/712/40 1095/713/40 1096/714/40 1098/715/40
f 1093/716/41 1097/717/41 1096/718/41 1095/719/41
f 1094/720/42 1098/721/42 1096/722/42 1097/723/42
f 1099/724/43 1102/725/43 1103/726/43 1105/727/43
f 1100/728/44 1104/729/44 1103/730/44 1102/731/44
f 1101/732/45 1105/733/45 1103/730/45 1104/729/45
f 1106/734/46 1109/735/46 1110/736/46 1112/737/46
f 1107/738/47 1111/739/47 1110/740/47 1109/741/47
f 1108/742/48 1112/743/48 1110/740/48 1111/739/48
f 1113/744/49 1116/745/49 1117/746/49 1119/747/49
f 1114/748/50 1118/749/50 1117/746/50 1116/745/50
f 1115/750/51 1119/747/51 1117/746/51 1118/749/51
f 1120/751/52 1123/752/52 1124/753/52 1126/754/52
f 1121/755/53 1125/756/53 1124/753/53 1123/752/53
f 1122/757/54 1126/754/54 1124/753/54 1125/756/54
f 1127/758/55 1130/759/55 1131/760/55 1133/761/55
f 1128/762/56 1132/763/56 1131/760/56 1130/759/56
f 1129/764/57 1133/761/57 1131/760/57 1132/763/57
f 1134/765/58 1137/766/58 1138/767/58 1140/768/58
f 1135/769/59 1139/770/59 1138/767/59 1137/766/59
f 1136/771/60 1140/768/60 1138/767/60 1139/770/60
f 1477/1040/37 1480/1041/37 1481/1042/37 1483/1043/37
f 1478/1044/38 1482/1045/38 1481/1046/38 1480/1047/38
f 1479/1048/39 1483/1049/39 1481/710/39 1482/1050/39
f 1484/1051/40 1487/1052/40 1488/1053/40 1490/1054/40
f 1485/1055/41 1489/1056/41 1488/718/41 1487/1057/41
f 1486/1058/42 1490/1059/42 1488/1060/42 1489/1061/42
f 1491/1062/43 1494/725/43 1495/726/43 1497/1063/43
f 1492/1064/44 1496/1065/44 1495/1066/44 1494/1067/44
f 1493/1068/45 1497/1069/45 1495/1066/45 1496/1065/45
f 1498/1070/46 1501/1071/46 1502/1072/46 1504/1073/46
f 1499/1074/47 1503/1075/47 1502/1076/47 1501/1077/47
f 1500/1078/48 1504/1079/48 1502/1076/48 1503/1075/48
f 1505/1080/49 1508/745/49 1509/1081/49 1511/1082/49
f 1506/1083/50 1510/1084/50 1509/1081/50 1508/745/50
f 1507/1085/51 1511/1082/51 1509/1081/51 1510/1084/51
f 1512/1086/52 1515/1087/52 1516/1088/52 1518/1089/52
f 1513/1090/53 1517/1091/53 1516/1088/53 1515/1087/53
f 1514/1092/54 1518/1089/54 1516/1088/54 1517/1091/54
f 1519/1093/96 1522/1094/96 1523/1095/96 1525/761/96
f 1520/1096/56 1524/1097/56 1523/1095/56 1522/1094/56
f 1521/1098/57 1525/761/57 1523/1095/57 1524/1097/57
f 1526/1099/58 1529/766/58 1530/1100/58 1532/1101/58
f 1527/1102/59 1531/1103/59 1530/1100/59 1529/766/59
f 1528/1104/60 1532/1101/60 1530/1100/60 1531/1103/60
f 483/149/261 469/125/261 475/128/261 486/150/261
f 486/156/262 475/134/262 471/133/262 484/153/262
f 470/129/263 476/137/263 482/140/263 474/130/263
f 474/136/264 482/146/264 478/145/264 471/133/264
f 477/141/265 490/159/265 496/162/265 481/142/265
f 481/148/266 496/168/266 492/167/266 478/145/266
f 491/163/267 485/157/267 488/154/267 495/164/267
f 495/164/268 488/154/268 484/153/268 492/167/268
f 511/183/269 483/149/269 489/152/269 514/184/269
f 514/184/270 489/158/270 485/157/270 512/187/270
f 490/159/271 518/190/271 524/193/271 493/160/271
f 493/166/272 524/193/272 520/196/272 491/163/272
f 519/194/273 513/189/273 516/188/273 523/195/273
f 523/195/274 516/188/274 512/187/274 520/196/274
f 497/169/275 511/183/275 517/186/275 500/170/275
f 500/170/276 517/186/276 513/189/276 498/173/276
f 518/190/277 504/176/277 510/179/277 521/191/277
f 521/191/278 510/179/278 506/182/278 519/194/278
f 505/180/279 499/175/279 502/174/279 509/181/279
f 509/181/280 502/174/280 498/173/280 506/182/280
f 469/125/281 497/169/281 503/172/281 472/126/281
f 472/132/282 503/172/282 499/175/282 470/129/282
f 504/176/283 477/141/283 479/144/283 507/177/283
f 507/177/284 479/138/284 476/137/284 505/180/284
f 595/272/261 581/125/261 587/128/261 598/150/261
f 598/156/262 587/134/262 583/133/262 596/153/262
f 582/129/263 588/137/263 594/140/263 586/130/263
f 586/136/264 594/146/264 590/145/264 583/133/264
f 589/141/265 602/159/265 608/162/265 593/142/265
f 593/148/266 608/168/266 604/167/266 590/145/266
f 603/276/267 597/274/267 600/154/267 607/164/267
f 607/164/268 600/154/268 596/153/268 604/167/268
f 623/183/269 595/272/269 601/273/269 626/281/269
f 626/281/270 601/275/270 597/274/270 624/282/270
f 602/159/271 630/283/271 636/193/271 605/160/271
f 605/277/272 636/193/272 632/284/272 603/276/272
f 631/194/273 625/189/273 628/188/273 635/195/273
f 635/195/274 628/188/274 624/282/274 632/284/274
f 609/169/275 623/183/275 629/186/275 612/170/275
f 612/170/276 629/186/276 625/189/276 610/173/276
f 630/283/277 616/176/277 622/279/277 633/191/277
f 633/191/278 622/279/278 618/182/278 631/194/278
f 617/280/279 611/278/279 614/174/279 621/181/279
f 621/181/280 614/174/280 610/173/280 618/182/280
f 581/125/281 609/169/281 615/172/281 584/269/281
f 584/270/282 615/172/282 611/278/282 582/129/282
f 616/176/283 589/141/283 591/271/283 619/177/283
f 619/177/284 591/138/284 588/137/284 617/280/284
f 707/339/261 693/315/261 699/318/261 710/340/261
f 710/346/262 699/324/262 695/323/262 708/343/262
f 694/319/263 700/327/263 706/330/263 698/320/263
f 698/326/264 706/336/264 702/335/264 695/323/264
f 701/331/265 714/349/265 720/352/265 705/332/265
f 705/338/266 720/358/266 716/357/266 702/335/266
f 715/353/267 709/347/267 712/344/267 719/354/267
f 719/354/268 712/344/268 708/343/268 716/357/268
f 735/373/269 707/339/269 713/342/269 738/374/269
f 738/374/270 713/348/270 709/347/270 736/377/270
f 714/349/271 742/380/271 748/383/271 717/350/271
f 717/356/272 748/383/272 744/386/272 715/353/272
f 743/384/273 737/379/273 740/378/273 747/385/273
f 747/385/274 740/378/274 736/377/274 744/386/274
f 721/359/275 735/373/275 741/376/275 724/360/275
f 724/360/276 741/376/276 737/379/276 722/363/276
f 742/380/277 728/366/277 734/369/277 745/381/277
f 745/381/278 734/369/278 730/372/278 743/384/278
f 729/370/279 723/365/279 726/364/279 733/371/279
f 733/371/280 726/364/280 722/363/280 730/372/280
f 693/315/281 721/359/281 727/362/281 696/316/281
f 696/322/282 727/362/282 723/365/282 694/319/282
f 728/366/283 701/331/283 703/334/283 731/367/283
f 731/367/284 703/328/284 700/327/284 729/370/284
f 987/595/261 973/571/261 979/574/261 990/596/261
f 990/602/262 979/580/262 975/579/262 988/599/262
f 974/575/263 980/583/263 986/586/263 978/576/263
f 978/582/264 986/592/264 982/591/264 975/579/264
f 981/587/265 994/605/265 1000/608/265 985/588/265
f 985/594/266 1000/614/266 996/613/266 982/591/266
f 995/609/267 989/603/267 992/600/267 999/610/267
f 999/610/268 992/600/268 988/599/268 996/613/268
f 1015/629/269 987/595/269 993/598/269 1018/630/269
f 1018/630/270 993/604/270 989/603/270 1016/633/270
f 994/605/271 1022/636/271 1028/639/271 997/606/271
f 997/612/272 1028/639/272 1024/642/272 995/609/272
f 1023/640/273 1017/635/273 1020/634/273 1027/641/273
f 1027/641/274 1020/634/274 1016/633/274 1024/642/274
f 1001/615/275 1015/629/275 1021/632/275 1004/616/275
f 1004/616/276 1021/632/276 1017/635/276 1002/619/276
f 1022/636/277 1008/622/277 1014/625/277 1025/637/277
f 1025/637/278 1014/625/278 1010/628/278 1023/640/278
f 1009/626/279 1003/621/279 1006/620/279 1013/627/279
f 1013/627/280 1006/620/280 1002/619/280 1010/628/280
f 973/571/281 1001/615/281 1007/618/281 976/572/281
f 976/578/282 1007/618/282 1003/621/282 974/575/282
f 1008/622/283 981/587/283 983/590/283 1011/623/283
f 1011/623/284 983/584/284 980/583/284 1009/626/284
f 1099/724/261 1085/700/261 1091/703/261 1102/725/261
f 1102/731/262 1091/709/262 1087/708/262 1100/728/262
f 1086/704/263 1092/712/263 1098/715/263 1090/705/263
f 1090/711/264 1098/721/264 1094/720/264 1087/708/264
f 1093/716/265 1106/734/265 1112/737/265 1097/717/265
f 1097/723/266 1112/743/266 1108/742/266 1094/720/266
f 1107/738/267 1101/732/267 1104/729/267 1111/739/267
f 1111/739/268 1104/729/268 1100/728/268 1108/742/268
f 1127/758/269 1099/724/269 1105/727/269 1130/759/269
f 1130/759/270 1105/733/270 1101/732/270 1128/762/270
f 1106/734/271 1134/765/271 1140/768/271 1109/735/271
f 1109/741/272 1140/768/272 1136/771/272 1107/738/272
f 1135/769/273 1129/764/273 1132/763/273 1139/770/273
f 1139/770/274 1132/763/274 1128/762/274 1136/771/274
f 1113/744/275 1127/758/275 1133/761/275 1116/745/275
f 1116/745/276 1133/761/276 1129/764/276 1114/748/276
f 1134/765/277 1120/751/277 1126/754/277 1137/766/277
f 1137/766/278 1126/754/278 1122/757/278 1135/769/278
f 1121/755/279 1115/750/279 1118/749/279 1125/756/279
f 1125/756/280 1118/749/280 1114/748/280 1122/757/280
f 1085/700/281 1113/744/281 1119/747/281 1088/701/281
f 1088/707/282 1119/747/282 1115/750/282 1086/704/282
f 1120/751/283 1093/716/283 1095/719/283 1123/752/283
f 1123/752/284 1095/713/284 1092/712/284 1121/755/284
f 1491/1062/261 1477/1040/261 1483/1043/261 1494/725/261
f 1494/1067/262 1483/1049/262 1479/1048/262 1492/1064/262
f 1478/1044/263 1484/1051/263 1490/1054/263 1482/1045/263
f 1482/1050/264 1490/1059/264 1486/1058/264 1479/1048/264
f 1485/1055/265 1498/1070/265 1504/1073/265 1489/1056/265
f 1489/1061/266 1504/1079/266 1500/1078/266 1486/1058/266
f 1499/1074/267 1493/1068/267 1496/1065/267 1503/1075/267
f 1503/1075/268 1496/1065/268 1492/1064/268 1500/1078/268
f 1519/1093/269 1491/1062/269 1497/1063/269 1522/1094/269
f 1522/1094/270 1497/1069/270 1493/1068/270 1520/1096/270
f 1498/1070/271 1526/1099/271 1532/1101/271 1501/1071/271
f 1501/1077/272 1532/1101/272 1528/1104/272 1499/1074/272
f 1527/1102/273 1521/1098/273 1524/1097/273 1531/1103/273
f 1531/1103/274 1524/1097/274 1520/1096/274 1528/1104/274
f 1505/1080/275 1519/1093/275 1525/761/275 1508/745/275
f 1508/745/276 1525/761/276 1521/1098/276 1506/1083/276
f 1526/1099/277 1512/1086/277 1518/1089/277 1529/766/277
f 1529/766/278 1518/1089/278 1514/1092/278 1527/1102/278
f 1513/1090/279 1507/1085/279 1510/1084/279 1517/1091/279
f 1517/1091/280 1510/1084/280 1506/1083/280 1514/1092/280
f 1477/1040/281 1505/1080/281 1511/1082/281 1480/1041/281
f 1480/1047/282 1511/1082/282 1507/1085/282 1478/1044/282
f 1512/1086/283 1485/1055/283 1487/1057/283 1515/1087/283
f 1515/1087/284 1487/1052/284 1484/1051/284 1513/1090/284
f 483/149/343 511/183/343 497/169/343 469/125/343
f 471/133/350 478/145/350 492/167/350 484/153/350
f 499/175/383 505/180/383 476/137/383 470/129/383
f 518/190/346 490/159/346 477/141/346 504/176/346
f 485/157/384 491/163/384 520/196/384 512/187/384
f 513/189/347 519/194/347 506/182/347 498/173/347
f 595/272/343 623/183/343 609/169/343 581/125/343
f 583/133/350 590/145/350 604/167/350 596/153/350
f 611/278/383 617/280/383 588/137/383 582/129/383
f 630/283/346 602/159/346 589/141/346 616/176/346
f 597/274/384 603/276/384 632/284/384 624/282/384
f 625/189/347 631/194/347 618/182/347 610/173/347
f 707/339/343 735/373/343 721/359/343 693/315/343
f 695/323/350 702/335/350 716/357/350 708/343/350
f 723/365/383 729/370/383 700/327/383 694/319/383
f 742/380/346 714/349/346 701/331/346 728/366/346
f 709/347/384 715/353/384 744/386/384 736/377/384
f 737/379/347 743/384/347 730/372/347 722/363/347
f 987/595/343 1015/629/343 1001/615/343 973/571/343
f 975/579/350 982/591/350 996/613/350 988/599/350
f 1003/621/383 1009/626/383 980/583/383 974/575/383
f 1022/636/346 994/605/346 981/587/346 1008/622/346
f 989/603/384 995/609/384 1024/642/384 1016/633/384
f 1017/635/347 1023/640/347 1010/628/347 1002/619/347
f 1099/724/343 1127/758/343 1113/744/343 1085/700/343
f 1087/708/350 1094/720/350 1108/742/350 1100/728/350
f 1115/750/383 1121/755/383 1092/712/383 1086/704/383
f 1134/765/346 1106/734/346 1093/716/346 1120/751/346
f 1101/732/384 1107/738/384 1136/771/384 1128/762/384
f 1129/764/347 1135/769/347 1122/757/347 1114/748/347
f 1491/1062/343 1519/1093/343 1505/1080/343 1477/1040/343
f 1479/1048/350 1486/1058/350 1500/1078/350 1492/1064/350
f 1507/1085/383 1513/1090/383 1484/1051/383 1478/1044/383
f 1526/1099/346 1498/1070/346 1485/1055/346 1512/1086/346
f 1493/1068/384 1499/1074/384 1528/1104/384 1520/1096/384
f 1521/1098/347 1527/1102/347 1514/1092/347 1506/1083/347
usemtl GoldInlay
f 525/197/37 528/198/37 529/199/37 531/200/37
f 526/201/38 530/202/38 529/203/38 528/204/38
f 527/205/39 531/206/39 529/207/39 530/208/39
f 532/209/40 535/210/40 536/211/40 538/212/40
f 533/213/41 537/214/41 536/215/41 535/216/41
f 534/217/42 538/218/42 536/219/42 537/220/42
f 539/221/43 542/222/43 543/223/43 545/224/43
f 540/225/44 544/226/44 543/227/44 542/228/44
f 541/229/45 545/230/45 543/227/45 544/226/45
f 546/231/46 549/232/46 550/233/46 552/234/46
f 547/235/47 551/236/47 550/237/47 549/238/47
f 548/239/48 552/240/48 550/237/48 551/236/48
f 553/241/49 556/242/49 557/243/49 559/244/49
f 554/245/50 558/246/50 557/243/50 556/242/50
f 555/247/51 559/244/51 557/243/51 558/246/51
f 560/248/52 563/249/52 564/250/52 566/251/52
f 561/252/53 565/253/53 564/250/53 563/249/53
f 562/254/54 566/251/54 564/250/54 565/253/54
f 567/255/55 570/256/55 571/257/55 573/258/55
f 568/259/56 572/260/56 571/257/56 570/256/56
f 569/261/57 573/258/57 571/257/57 572/260/57
f 574/262/58 577/263/58 578/264/58 580/265/58
f 575/266/59 579/267/59 578/264/59 577/263/59
f 576/268/60 580/265/60 578/264/60 579/267/60
f 637/285/37 640/286/37 641/287/37 643/200/37
f 638/288/38 642/202/38 641/203/38 640/289/38
f 639/205/39 643/206/39 641/207/39 642/208/39
f 644/290/40 647/291/40 648/292/40 650/212/40
f 645/293/41 649/214/41 648/215/41 647/294/41
f 646/217/42 650/218/42 648/219/42 649/220/42
f 651/295/43 654/222/43 655/223/43 657/296/43
f 652/225/44 656/226/44 655/297/44 654/228/44
f 653/298/45 657/299/45 655/297/45 656/226/45
f 658/300/46 661/232/46 662/301/46 664/234/46
f 659/302/47 663/236/47 662/237/47 661/303/47
f 660/239/48 664/240/48 662/237/48 663/236/48
f 665/304/49 668/242/49 669/243/49 671/305/49
f 666/245/50 670/246/50 669/243/50 668/242/50
f 667/306/51 671/305/51 669/243/51 670/246/51
f 672/307/52 675/249/52 676/308/52 678/251/52
f 673/309/53 677/253/53 676/308/53 675/249/53
f 674/254/54 678/251/54 676/308/54 677/253/54
f 679/310/55 682/311/55 683/312/55 685/258/55
f 680/259/56 684/260/56 683/312/56 682/311/56
f 681/261/57 685/258/57 683/312/57 684/260/57
f 686/313/58 689/263/58 690/264/58 692/265/58
f 687/266/59 691/267/59 690/264/59 689/263/59
f 688/314/60 692/265/60 690/264/60 691/267/60
f 749/387/37 752/388/37 753/389/37 755/390/37
f 750/391/38 754/392/38 753/393/38 752/394/38
f 751/395/39 755/396/39 753/397/39 754/398/39
f 756/399/40 759/400/40 760/401/40 762/402/40
f 757/403/41 761/404/41 760/405/41 759/406/41
f 758/407/42 762/408/42 760/409/42 761/410/42
f 763/411/43 766/412/43 767/413/43 769/414/43
f 764/415/44 768/416/44 767/417/44 766/418/44
f 765/419/45 769/420/45 767/417/45 768/416/45
f 770/421/46 773/422/46 774/423/46 776/424/46
f 771/425/47 775/426/47 774/427/47 773/428/47
f 772/429/48 776/430/48 774/427/48 775/426/48
f 777/431/49 780/432/49 781/433/49 783/434/49
f 778/435/50 782/436/50 781/433/50 780/432/50
f 779/437/51 783/434/51 781/433/51 782/436/51
f 784/438/52 787/439/52 788/440/52 790/441/52
f 785/442/53 789/443/53 788/440/53 787/439/53
f 786/444/54 790/441/54 788/440/54 789/443/54
f 791/445/55 794/446/55 795/447/55 797/448/55
f 792/449/56 796/450/56 795/447/56 794/446/56
f 793/451/57 797/448/57 795/447/57 796/450/57
f 798/452/58 801/453/58 802/454/58 804/455/58
f 799/456/59 803/457/59 802/454/59 801/453/59
f 800/458/60 804/455/60 802/454/60 803/457/60
f 805/459/37 808/460/37 809/461/37 811/390/37
f 806/462/38 810/392/38 809/393/38 808/463/38
f 807/395/39 811/396/39 809/397/39 810/398/39
f 812/464/40 815/400/40 816/465/40 818/402/40
f 813/466/41 817/404/41 816/405/41 815/467/41
f 814/407/42 818/408/42 816/409/42 817/410/42
f 819/411/43 822/412/43 823/413/43 825/468/43
f 820/415/44 824/416/44 823/469/44 822/418/44
f 821/470/45 825/420/45 823/469/45 824/416/45
f 826/471/46 829/422/46 830/472/46 832/424/46
f 827/473/47 831/426/47 830/427/47 829/428/47
f 828/429/48 832/430/48 830/427/48 831/426/48
f 833/474/49 836/432/49 837/475/49 839/476/49
f 834/435/50 838/436/50 837/475/50 836/432/50
f 835/477/51 839/476/51 837/475/51 838/436/51
f 840/478/52 843/439/52 844/440/52 846/441/52
f 841/479/53 845/443/53 844/440/53 843/439/53
f 842/444/54 846/441/54 844/440/54 845/443/54
f 847/480/55 850/481/55 851/447/55 853/448/55
f 848/482/56 852/450/56 851/447/56 850/481/56
f 849/451/57 853/448/57 851/447/57 852/450/57
f 854/483/58 857/453/58 858/454/58 860/484/58
f 855/456/59 859/457/59 858/454/59 857/453/59
f 856/485/60 860/484/60 858/454/60 859/457/60
f 861/486/37 864/487/37 865/488/37 867/489/37
f 862/490/38 866/491/38 865/492/38 864/493/38
f 863/494/39 867/495/39 865/496/39 866/497/39
f 868/498/40 871/499/40 872/500/40 874/501/40
f 869/502/41 873/503/41 872/504/41 871/505/41
f 870/506/42 874/507/42 872/508/42 873/509/42
f 875/510/43 878/511/43 879/512/43 881/513/43
f 876/514/44 880/515/44 879/516/44 878/517/44
f 877/518/45 881/519/45 879/516/45 880/515/45
f 882/520/46 885/521/46 886/522/46 888/523/46
f 883/524/47 887/525/47 886/526/47 885/527/47
f 884/528/48 888/529/48 886/526/48 887/525/48
f 889/530/49 892/531/49 893/532/49 895/533/49
f 890/534/50 894/535/50 893/532/50 892/531/50
f 891/536/51 895/533/51 893/532/51 894/535/51
f 896/537/52 899/538/52 900/539/52 902/540/52
f 897/541/53 901/542/53 900/539/53 899/538/53
f 898/543/54 902/540/54 900/539/54 901/542/54
f 903/544/55 906/545/55 907/546/55 909/547/55
f 904/548/56 908/549/56 907/546/56 906/545/56
f 905/550/57 909/547/57 907/546/57 908/549/57
f 910/551/58 913/552/58 914/553/58 916/554/58
f 911/555/59 915/556/59 914/553/59 913/552/59
f 912/557/60 916/554/60 914/553/60 915/556/60
f 917/558/37 920/559/37 921/488/37 923/489/37
f 918/560/38 922/491/38 921/492/38 920/493/38
f 919/494/39 923/495/39 921/496/39 922/497/39
f 924/498/40 927/499/40 928/500/40 930/501/40
f 925/502/41 929/503/41 928/504/41 927/505/41
f 926/506/42 930/507/42 928/508/42 929/509/42
f 931/561/43 934/511/43 935/512/43 937/562/43
f 932/514/44 936/515/44 935/516/44 934/517/44
f 933/563/45 937/519/45 935/516/45 936/515/45
f 938/520/46 941/521/46 942/522/46 944/523/46
f 939/524/47 943/525/47 942/526/47 941/564/47
f 940/528/48 944/529/48 942/526/48 943/525/48
f 945/565/49 948/531/49 949/532/49 951/533/49
f 946/534/50 950/535/50 949/532/50 948/531/50
f 947/566/51 951/533/51 949/532/51 950/535/51
f 952/567/52 955/538/52 956/539/52 958/540/52
f 953/541/53 957/542/53 956/539/53 955/538/53
f 954/543/54 958/540/54 956/539/54 957/542/54
f 959/568/55 962/545/55 963/546/55 965/547/55
f 960/569/56 964/549/56 963/546/56 962/545/56
f 961/550/57 965/547/57 963/546/57 964/549/57
f 966/570/58 969/552/58 970/553/58 972/554/58
f 967/555/59 971/556/59 970/553/59 969/552/59
f 968/557/60 972/554/60 970/553/60 971/556/60
f 1141/772/37 1144/701/37 1145/702/37 1147/390/37
f 1142/773/38 1146/774/38 1145/775/38 1144/707/38
f 1143/776/39 1147/777/39 1145/778/39 1146/779/39
f 1148/780/40 1151/713/40 1152/714/40 1154/781/40
f 1149/782/41 1153/783/41 1152/784/41 1151/719/41
f 1150/785/42 1154/786/42 1152/787/42 1153/788/42
f 1155/789/62 1158/412/62 1159/413/62 1161/727/62
f 1156/790/44 1160/791/44 1159/792/44 1158/793/44
f 1157/794/45 1161/733/45 1159/792/45 1160/791/45
f 1162/795/63 1165/735/63 1166/736/63 1168/796/63
f 1163/797/47 1167/798/47 1166/799/47 1165/741/47
f 1164/800/48 1168/801/48 1166/799/48 1167/798/48
f 1169/802/49 1172/803/49 1173/804/49 1175/747/49
f 1170/805/50 1174/806/50 1173/804/50 1172/803/50
f 1171/807/51 1175/747/51 1173/804/51 1174/806/51
f 1176/808/52 1179/752/52 1180/809/52 1182/441/52
f 1177/810/53 1181/811/53 1180/809/53 1179/752/53
f 1178/812/54 1182/441/54 1180/809/54 1181/811/54
f 1183/813/55 1186/759/55 1187/814/55 1189/815/55
f 1184/816/56 1188/817/56 1187/814/56 1186/759/56
f 1185/818/57 1189/815/57 1187/814/57 1188/817/57
f 1190/819/58 1193/453/58 1194/820/58 1196/768/58
f 1191/821/59 1195/822/59 1194/820/59 1193/453/59
f 1192/823/60 1196/768/60 1194/820/60 1195/822/60
f 1197/824/64 1200/701/64 1201/702/64 1203/825/64
f 1198/773/38 1202/774/38 1201/775/38 1200/707/38
f 1199/826/39 1203/777/39 1201/397/39 1202/779/39
f 1204/780/40 1207/713/40 1208/714/40 1210/781/40
f 1205/782/41 1209/404/41 1208/405/41 1207/719/41
f 1206/827/42 1210/786/42 1208/787/42 1209/828/42
f 1211/829/62 1214/830/62 1215/413/62 1217/727/62
f 1212/831/44 1216/791/44 1215/792/44 1214/832/44
f 1213/794/45 1217/733/45 1215/792/45 1216/791/45
f 1218/833/63 1221/735/63 1222/736/63 1224/796/63
f 1219/797/47 1223/798/47 1222/834/47 1221/741/47
f 1220/835/48 1224/836/48 1222/834/48 1223/798/48
f 1225/802/65 1228/432/65 1229/804/65 1231/747/65
f 1226/805/50 1230/806/50 1229/804/50 1228/432/50
f 1227/807/51 1231/747/51 1229/804/51 1230/806/51
f 1232/837/52 1235/752/52 1236/809/52 1238/441/52
f 1233/810/53 1237/811/53 1236/809/53 1235/752/53
f 1234/812/54 1238/441/54 1236/809/54 1237/811/54
f 1239/838/55 1242/759/55 1243/814/55 1245/815/55
f 1240/816/56 1244/817/56 1243/814/56 1242/759/56
f 1241/839/57 1245/815/57 1243/814/57 1244/817/57
f 1246/840/58 1249/841/58 1250/820/58 1252/768/58
f 1247/842/59 1251/822/59 1250/820/59 1249/841/59
f 1248/823/60 1252/768/60 1250/820/60 1251/822/60
f 1253/772/37 1256/701/37 1257/702/37 1259/825/37
f 1254/773/38 1258/774/38 1257/775/38 1256/707/38
f 1255/843/39 1259/844/39 1257/845/39 1258/779/39
f 1260/780/40 1263/713/40 1264/714/40 1266/781/40
f 1261/846/41 1265/783/41 1264/784/41 1263/719/41
f 1262/847/42 1266/786/42 1264/787/42 1265/848/42
f 1267/829/62 1270/412/62 1271/413/62 1273/727/62
f 1268/849/44 1272/791/44 1271/792/44 1270/418/44
f 1269/794/45 1273/733/45 1271/792/45 1272/791/45
f 1274/850/46 1277/735/46 1278/736/46 1280/851/46
f 1275/797/47 1279/798/47 1278/852/47 1277/741/47
f 1276/853/48 1280/854/48 1278/852/48 1279/798/48
f 1281/855/65 1284/803/65 1285/804/65 1287/747/65
f 1282/856/50 1286/806/50 1285/804/50 1284/803/50
f 1283/807/51 1287/747/51 1285/804/51 1286/806/51
f 1288/808/52 1291/752/52 1292/809/52 1294/857/52
f 1289/810/53 1293/811/53 1292/809/53 1291/752/53
f 1290/858/54 1294/857/54 1292/809/54 1293/811/54
f 1295/859/55 1298/759/55 1299/860/55 1301/861/55
f 1296/816/56 1300/817/56 1299/860/56 1298/759/56
f 1297/862/57 1301/861/57 1299/860/57 1300/817/57
f 1302/840/58 1305/453/58 1306/820/58 1308/768/58
f 1303/863/59 1307/822/59 1306/820/59 1305/453/59
f 1304/823/60 1308/768/60 1306/820/60 1307/822/60
f 1309/864/37 1312/865/37 1313/866/37 1315/867/37
f 1310/868/38 1314/869/38 1313/870/38 1312/871/38
f 1311/872/39 1315/873/39 1313/874/39 1314/875/39
f 1316/876/40 1319/877/40 1320/878/40 1322/879/40
f 1317/880/41 1321/881/41 1320/882/41 1319/883/41
f 1318/884/42 1322/885/42 1320/886/42 1321/887/42
f 1323/888/43 1326/889/43 1327/890/43 1329/891/43
f 1324/892/44 1328/893/44 1327/894/44 1326/895/44
f 1325/896/45 1329/897/45 1327/894/45 1328/893/45
f 1330/898/46 1333/899/46 1334/900/46 1336/901/46
f 1331/902/47 1335/903/47 1334/904/47 1333/905/47
f 1332/906/48 1336/907/48 1334/904/48 1335/903/48
f 1337/908/49 1340/909/49 1341/910/49 1343/911/49
f 1338/912/50 1342/913/50 1341/910/50 1340/909/50
f 1339/914/51 1343/911/51 1341/910/51 1342/913/51
f 1344/915/52 1347/916/52 1348/917/52 1350/918/52
f 1345/919/53 1349/920/53 1348/917/53 1347/916/53
f 1346/921/54 1350/918/54 1348/917/54 1349/920/54
f 1351/922/55 1354/923/55 1355/924/55 1357/925/55
f 1352/926/56 1356/927/56 1355/924/56 1354/923/56
f 1353/928/57 1357/925/57 1355/924/57 1356/927/57
f 1358/929/58 1361/930/58 1362/931/58 1364/932/58
f 1359/933/59 1363/934/59 1362/931/59 1361/930/59
f 1360/935/60 1364/932/60 1362/931/60 1363/934/60
f 539/221/261 525/197/261 531/200/261 542/222/261
f 542/228/262 531/206/262 527/205/262 540/225/262
f 526/201/263 532/209/263 538/212/263 530/202/263
f 530/208/264 538/218/264 534/217/264 527/205/264
f 533/213/265 546/231/265 552/234/265 537/214/265
f 537/220/266 552/240/266 548/239/266 534/217/266
f 547/235/267 541/229/267 544/226/267 551/236/267
f 551/236/268 544/226/268 540/225/268 548/239/268
f 567/255/269 539/221/269 545/224/269 570/256/269
f 570/256/270 545/230/270 541/229/270 568/259/270
f 546/231/271 574/262/271 580/265/271 549/232/271
f 549/238/272 580/265/272 576/268/272 547/235/272
f 575/266/273 569/261/273 572/260/273 579/267/273
f 579/267/274 572/260/274 568/259/274 576/268/274
f 553/241/275 567/255/275 573/258/275 556/242/275
f 556/242/276 573/258/276 569/261/276 554/245/276
f 574/262/277 560/248/277 566/251/277 577/263/277
f 577/263/278 566/251/278 562/254/278 575/266/278
f 561/252/279 555/247/279 558/246/279 565/253/279
f 565/253/280 558/246/280 554/245/280 562/254/280
f 525/197/281 553/241/281 559/244/281 528/198/281
f 528/204/282 559/244/282 555/247/282 526/201/282
f 560/248/283 533/213/283 535/216/283 563/249/283
f 563/249/284 535/210/284 532/209/284 561/252/284
f 651/295/261 637/285/261 643/200/261 654/222/261
f 654/228/262 643/206/262 639/205/262 652/225/262
f 638/288/263 644/290/263 650/212/263 642/202/263
f 642/208/264 650/218/264 646/217/264 639/205/264
f 645/293/265 658/300/265 664/234/265 649/214/265
f 649/220/266 664/240/266 660/239/266 646/217/266
f 659/302/267 653/298/267 656/226/267 663/236/267
f 663/236/268 656/226/268 652/225/268 660/239/268
f 679/310/269 651/295/269 657/296/269 682/311/269
f 682/311/270 657/299/270 653/298/270 680/259/270
f 658/300/271 686/313/271 692/265/271 661/232/271
f 661/303/272 692/265/272 688/314/272 659/302/272
f 687/266/273 681/261/273 684/260/273 691/267/273
f 691/267/274 684/260/274 680/259/274 688/314/274
f 665/304/275 679/310/275 685/258/275 668/242/275
f 668/242/276 685/258/276 681/261/276 666/245/276
f 686/313/277 672/307/277 678/251/277 689/263/277
f 689/263/278 678/251/278 674/254/278 687/266/278
f 673/309/279 667/306/279 670/246/279 677/253/279
f 677/253/280 670/246/280 666/245/280 674/254/280
f 637/285/281 665/304/281 671/305/281 640/286/281
f 640/289/282 671/305/282 667/306/282 638/288/282
f 672/307/283 645/293/283 647/294/283 675/249/283
f 675/249/284 647/291/284 644/290/284 673/309/284
f 763/411/261 749/387/261 755/390/261 766/412/261
f 766/418/262 755/396/262 751/395/262 764/415/262
f 750/391/263 756/399/263 762/402/263 754/392/263
f 754/398/264 762/408/264 758/407/264 751/395/264
f 757/403/265 770/421/265 776/424/265 761/404/265
f 761/410/266 776/430/266 772/429/266 758/407/266
f 771/425/267 765/419/267 768/416/267 775/426/267
f 775/426/268 768/416/268 764/415/268 772/429/268
f 791/445/269 763/411/269 769/414/269 794/446/269
f 794/446/270 769/420/270 765/419/270 792/449/270
f 770/421/271 798/452/271 804/455/271 773/422/271
f 773/428/272 804/455/272 800/458/272 771/425/272
f 799/456/273 793/451/273 796/450/273 803/457/273
f 803/457/274 796/450/274 792/449/274 800/458/274
f 777/431/275 791/445/275 797/448/275 780/432/275
f 780/432/276 797/448/276 793/451/276 778/435/276
f 798/452/277 784/438/277 790/441/277 801/453/277
f 801/453/278 790/441/278 786/444/278 799/456/278
f 785/442/279 779/437/279 782/436/279 789/443/279
f 789/443/280 782/436/280 778/435/280 786/444/280
f 749/387/281 777/431/281 783/434/281 752/388/281
f 752/394/282 783/434/282 779/437/282 750/391/282
f 784/438/283 757/403/283 759/406/283 787/439/283
f 787/439/284 759/400/284 756/399/284 785/442/284
f 819/411/261 805/459/261 811/390/261 822/412/261
f 822/418/262 811/396/262 807/395/262 820/415/262
f 806/462/263 812/464/263 818/402/263 810/392/263
f 810/398/264 818/408/264 814/407/264 807/395/264
f 813/466/265 826/471/265 832/424/265 817/404/265
f 817/410/266 832/430/266 828/429/266 814/407/266
f 827/473/267 821/470/267 824/416/267 831/426/267
f 831/426/268 824/416/268 820/415/268 828/429/268
f 847/480/269 819/411/269 825/468/269 850/481/269
f 850/481/270 825/420/270 821/470/270 848/482/270
f 826/471/271 854/483/271 860/484/271 829/422/271
f 829/428/272 860/484/272 856/485/272 827/473/272
f 855/456/273 849/451/273 852/450/273 859/457/273
f 859/457/274 852/450/274 848/482/274 856/485/274
f 833/474/275 847/480/275 853/448/275 836/432/275
f 836/432/276 853/448/276 849/451/276 834/435/276
f 854/483/277 840/478/277 846/441/277 857/453/277
f 857/453/278 846/441/278 842/444/278 855/456/278
f 841/479/279 835/477/279 838/436/279 845/443/279
f 845/443/280 838/436/280 834/435/280 842/444/280
f 805/459/281 833/474/281 839/476/281 808/460/281
f 808/463/282 839/476/282 835/477/282 806/462/282
f 840/478/283 813/466/283 815/467/283 843/439/283
f 843/439/284 815/400/284 812/464/284 841/479/284
f 875/510/261 861/486/261 867/489/261 878/511/261
f 878/517/262 867/495/262 863/494/262 876/514/262
f 862/490/263 868/498/263 874/501/263 866/491/263
f 866/497/264 874/507/264 870/506/264 863/494/264
f 869/502/265 882/520/265 888/523/265 873/503/265
f 873/509/266 888/529/266 884/528/266 870/506/266
f 883/524/267 877/518/267 880/515/267 887/525/267
f 887/525/268 880/515/268 876/514/268 884/528/268
f 903/544/269 875/510/269 881/513/269 906/545/269
f 906/545/270 881/519/270 877/518/270 904/548/270
f 882/520/271 910/551/271 916/554/271 885/521/271
f 885/527/272 916/554/272 912/557/272 883/524/272
f 911/555/273 905/550/273 908/549/273 915/556/273
f 915/556/274 908/549/274 904/548/274 912/557/274
f 889/530/275 903/544/275 909/547/275 892/531/275
f 892/531/276 909/547/276 905/550/276 890/534/276
f 910/551/277 896/537/277 902/540/277 913/552/277
f 913/552/278 902/540/278 898/543/278 911/555/278
f 897/541/279 891/536/279 894/535/279 901/542/279
f 901/542/280 894/535/280 890/534/280 898/543/280
f 861/486/281 889/530/281 895/533/281 864/487/281
f 864/493/282 895/533/282 891/536/282 862/490/282
f 896/537/283 869/502/283 871/505/283 899/538/283
f 899/538/284 871/499/284 868/498/284 897/541/284
f 931/561/261 917/558/261 923/489/261 934/511/261
f 934/517/262 923/495/262 919/494/262 932/514/262
f 918/560/263 924/498/263 930/501/263 922/491/263
f 922/497/264 930/507/264 926/506/264 919/494/264
f 925/502/265 938/520/265 944/523/265 929/503/265
f 929/509/266 944/529/266 940/528/266 926/506/266
f 939/524/267 933/563/267 936/515/267 943/525/267
f 943/525/268 936/515/268 932/514/268 940/528/268
f 959/568/269 931/561/269 937/562/269 962/545/269
f 962/545/270 937/519/270 933/563/270 960/569/270
f 938/520/271 966/570/271 972/554/271 941/521/271
f 941/564/272 972/554/272 968/557/272 939/524/272
f 967/555/273 961/550/273 964/549/273 971/556/273
f 971/556/274 964/549/274 960/569/274 968/557/274
f 945/565/275 959/568/275 965/547/275 948/531/275
f 948/531/276 965/547/276 961/550/276 946/534/276
f 966/570/277 952/567/277 958/540/277 969/552/277
f 969/552/278 958/540/278 954/543/278 967/555/278
f 953/541/279 947/566/279 950/535/279 957/542/279
f 957/542/280 950/535/280 946/534/280 954/543/280
f 917/558/281 945/565/281 951/533/281 920/559/281
f 920/493/282 951/533/282 947/566/282 918/560/282
f 952/567/283 925/502/283 927/505/283 955/538/283
f 955/538/284 927/499/284 924/498/284 953/541/284
f 1155/789/261 1141/772/261 1147/390/261 1158/412/261
f 1158/793/262 1147/777/262 1143/776/262 1156/790/262
f 1142/773/263 1148/780/263 1154/781/263 1146/774/263
f 1146/779/264 1154/786/264 1150/785/264 1143/776/264
f 1149/782/265 1162/795/265 1168/796/265 1153/783/265
f 1153/788/266 1168/801/266 1164/800/266 1150/785/266
f 1163/797/267 1157/794/267 1160/791/267 1167/798/267
f 1167/798/268 1160/791/268 1156/790/268 1164/800/268
f 1183/813/269 1155/789/269 1161/727/269 1186/759/269
f 1186/759/270 1161/733/270 1157/794/270 1184/816/270
f 1162/795/271 1190/819/271 1196/768/271 1165/735/271
f 1165/741/272 1196/768/272 1192/823/272 1163/797/272
f 1191/821/273 1185/818/273 1188/817/273 1195/822/273
f 1195/822/274 1188/817/274 1184/816/274 1192/823/274
f 1169/802/275 1183/813/275 1189/815/275 1172/803/275
f 1172/803/276 1189/815/276 1185/818/276 1170/805/276
f 1190/819/277 1176/808/277 1182/441/277 1193/453/277
f 1193/453/278 1182/441/278 1178/812/278 1191/821/278
f 1177/810/279 1171/807/279 1174/806/279 1181/811/279
f 1181/811/280 1174/806/280 1170/805/280 1178/812/280
f 1141/772/281 1169/802/281 1175/747/281 1144/701/281
f 1144/707/282 1175/747/282 1171/807/282 1142/773/282
f 1176/808/283 1149/782/283 1151/719/283 1179/752/283
f 1179/752/284 1151/713/284 1148/780/284 1177/810/284
f 1211/829/261 1197/824/261 1203/825/261 1214/830/261
f 1214/832/262 1203/777/262 1199/826/262 1212/831/262
f 1198/773/263 1204/780/263 1210/781/263 1202/774/263
f 1202/779/264 1210/786/264 1206/827/264 1199/826/264
f 1205/782/265 1218/833/265 1224/796/265 1209/404/265
f 1209/828/266 1224/836/266 1220/835/266 1206/827/266
f 1219/797/267 1213/794/267 1216/791/267 1223/798/267
f 1223/798/268 1216/791/268 1212/831/268 1220/835/268
f 1239/838/269 1211/829/269 1217/727/269 1242/759/269
f 1242/759/270 1217/733/270 1213/794/270 1240/816/270
f 1218/833/271 1246/840/271 1252/768/271 1221/735/271
f 1221/741/272 1252/768/272 1248/823/272 1219/797/272
f 1247/842/273 1241/839/273 1244/817/273 1251/822/273
f 1251/822/274 1244/817/274 1240/816/274 1248/823/274
f 1225/802/275 1239/838/275 1245/815/275 1228/432/275
f 1228/432/276 1245/815/276 1241/839/276 1226/805/276
f 1246/840/277 1232/837/277 1238/441/277 1249/841/277
f 1249/841/278 1238/441/278 1234/812/278 1247/842/278
f 1233/810/279 1227/807/279 1230/806/279 1237/811/279
f 1237/811/280 1230/806/280 1226/805/280 1234/812/280
f 1197/824/281 1225/802/281 1231/747/281 1200/701/281
f 1200/707/282 1231/747/282 1227/807/282 1198/773/282
f 1232/837/283 1205/782/283 1207/719/283 1235/752/283
f 1235/752/284 1207/713/284 1204/780/284 1233/810/284
f 1267/829/261 1253/772/261 1259/825/261 1270/412/261
f 1270/418/262 1259/844/262 1255/843/262 1268/849/262
f 1254/773/263 1260/780/263 1266/781/263 1258/774/263
f 1258/779/264 1266/786/264 1262/847/264 1255/843/264
f 1261/846/265 1274/850/265 1280/851/265 1265/783/265
f 1265/848/266 1280/854/266 1276/853/266 1262/847/266
f 1275/797/267 1269/794/267 1272/791/267 1279/798/267
f 1279/798/268 1272/791/268 1268/849/268 1276/853/268
f 1295/859/269 1267/829/269 1273/727/269 1298/759/269
f 1298/759/270 1273/733/270 1269/794/270 1296/816/270
f 1274/850/271 1302/840/271 1308/768/271 1277/735/271
f 1277/741/272 1308/768/272 1304/823/272 1275/797/272
f 1303/863/273 1297/862/273 1300/817/273 1307/822/273
f 1307/822/274 1300/817/274 1296/816/274 1304/823/274
f 1281/855/275 1295/859/275 1301/861/275 1284/803/275
f 1284/803/276 1301/861/276 1297/862/276 1282/856/276
f 1302/840/277 1288/808/277 1294/857/277 1305/453/277
f 1305/453/278 1294/857/278 1290/858/278 1303/863/278
f 1289/810/279 1283/807/279 1286/806/279 1293/811/279
f 1293/811/280 1286/806/280 1282/856/280 1290/858/280
f 1253/772/281 1281/855/281 1287/747/281 1256/701/281
f 1256/707/282 1287/747/282 1283/807/282 1254/773/282
f 1288/808/283 1261/846/283 1263/719/283 1291/752/283
f 1291/752/284 1263/713/284 1260/780/284 1289/810/284
f 1323/888/261 1309/864/261 1315/867/261 1326/889/261
f 1326/895/262 1315/873/262 1311/872/262 1324/892/262
f 1310/868/263 1316/876/263 1322/879/263 1314/869/263
f 1314/875/264 1322/885/264 1318/884/264 1311/872/264
f 1317/880/265 1330/898/265 1336/901/265 1321/881/265
f 1321/887/266 1336/907/266 1332/906/266 1318/884/266
f 1331/902/267 1325/896/267 1328/893/267 1335/903/267
f 1335/903/268 1328/893/268 1324/892/268 1332/906/268
f 1351/922/269 1323/888/269 1329/891/269 1354/923/269
f 1354/923/270 1329/897/270 1325/896/270 1352/926/270
f 1330/898/271 1358/929/271 1364/932/271 1333/899/271
f 1333/905/272 1364/932/272 1360/935/272 1331/902/272
f 1359/933/273 1353/928/273 1356/927/273 1363/934/273
f 1363/934/274 1356/927/274 1352/926/274 1360/935/274
f 1337/908/275 1351/922/275 1357/925/275 1340/909/275
f 1340/909/276 1357/925/276 1353/928/276 1338/912/276
f 1358/929/277 1344/915/277 1350/918/277 1361/930/277
f 1361/930/278 1350/918/278 1346/921/278 1359/933/278
f 1345/919/279 1339/914/279 1342/913/279 1349/920/279
f 1349/920/280 1342/913/280 1338/912/280 1346/921/280
f 1309/864/281 1337/908/281 1343/911/281 1312/865/281
f 1312/871/282 1343/911/282 1339/914/282 1310/868/282
f 1344/915/283 1317/880/283 1319/883/283 1347/916/283
f 1347/916/284 1319/877/284 1316/876/284 1345/919/284
f 539/221/343 567/255/343 553/241/343 525/197/343
f 527/205/350 534/217/350 548/239/350 540/225/350
f 555/247/383 561/252/383 532/209/383 526/201/383
f 574/262/346 546/231/346 533/213/346 560/248/346
f 541/229/384 547/235/384 576/268/384 568/259/384
f 569/261/347 575/266/347 562/254/347 554/245/347
f 651/295/343 679/310/343 665/304/343 637/285/343
f 639/205/350 646/217/350 660/239/350 652/225/350
f 667/306/383 673/309/383 644/290/383 638/288/383
f 686/313/346 658/300/346 645/293/346 672/307/346
f 653/298/384 659/302/384 688/314/384 680/259/384
f 681/261/347 687/266/347 674/254/347 666/245/347
f 763/411/343 791/445/343 777/431/343 749/387/343
f 751/395/350 758/407/350 772/429/350 764/415/350
f 779/437/383 785/442/383 756/399/383 750/391/383
f 798/452/346 770/421/346 757/403/346 784/438/346
f 765/419/384 771/425/384 800/458/384 792/449/384
f 793/451/347 799/456/347 786/444/347 778/435/347
f 819/411/343 847/480/343 833/474/343 805/459/343
f 807/395/350 814/407/350 828/429/350 820/415/350
f 835/477/383 841/479/383 812/464/383 806/462/383
f 854/483/346 826/471/346 813/466/346 840/478/346
f 821/470/384 827/473/384 856/485/384 848/482/384
f 849/451/347 855/456/347 842/444/347 834/435/347
f 875/510/343 903/544/343 889/530/343 861/486/343
f 863/494/350 870/506/350 884/528/350 876/514/350
f 891/536/383 897/541/383 868/498/383 862/490/383
f 910/551/346 882/520/346 869/502/346 896/537/346
f 877/518/384 883/524/384 912/557/384 904/548/384
f 905/550/347 911/555/347 898/543/347 890/534/347
f 931/561/343 959/568/343 945/565/343 917/558/343
f 919/494/350 926/506/350 940/528/350 932/514/350
f 947/566/383 953/541/383 924/498/383 918/560/383
f 966/570/346 938/520/346 925/502/346 952/567/346
f 933/563/384 939/524/384 968/557/384 960/569/384
f 961/550/347 967/555/347 954/543/347 946/534/347
f 1155/789/343 1183/813/343 1169/802/343 1141/772/343
f 1143/776/350 1150/785/350 1164/800/350 1156/790/350
f 1171/807/383 1177/810/383 1148/780/383 1142/773/383
f 1190/819/346 1162/795/346 1149/782/346 1176/808/346
f 1157/794/384 1163/797/384 1192/823/384 1184/816/384
f 1185/818/347 1191/821/347 1178/812/347 1170/805/347
f 1211/829/343 1239/838/343 1225/802/343 1197/824/343
f 1199/826/350 1206/827/350 1220/835/350 1212/831/350
f 1227/807/383 1233/810/383 1204/780/383 1198/773/383
f 1246/840/346 1218/833/346 1205/782/346 1232/837/346
f 1213/794/384 1219/797/384 1248/823/384 1240/816/384
f 1241/839/347 1247/842/347 1234/812/347 1226/805/347
f 1267/829/343 1295/859/343 1281/855/343 1253/772/343
f 1255/843/350 1262/847/350 1276/853/350 1268/849/350
f 1283/807/383 1289/810/383 1260/780/383 1254/773/383
f 1302/840/346 1274/850/346 1261/846/346 1288/808/346
f 1269/794/384 1275/797/384 1304/823/384 1296/816/384
f 1297/862/347 1303/863/347 1290/858/347 1282/856/347
f 1323/888/343 1351/922/343 1337/908/343 1309/864/343
f 1311/872/350 1318/884/350 1332/906/350 1324/892/350
f 1339/914/383 1345/919/383 1316/876/383 1310/868/383
f 1358/929/346 1330/898/346 1317/880/346 1344/915/346
f 1325/896/384 1331/902/384 1360/935/384 1352/926/384
f 1353/928/347 1359/933/347 1346/921/347 1338/912/347
usemtl GoldGlow
f 1029/643/37 1032/269/37 1033/127/37 1035/644/37
f 1030/645/38 1034/646/38 1033/647/38 1032/270/38
f 1031/648/39 1035/649/39 1033/650/39 1034/651/39
f 1036/652/40 1039/138/40 1040/139/40 1042/653/40
f 1037/654/41 1041/655/41 1040/656/41 1039/271/41
f 1038/657/42 1042/658/42 1040/659/42 1041/660/42
f 1043/661/43 1046/662/43 1047/663/43 1049/273/43
f 1044/664/44 1048/665/44 1047/666/44 1046/667/44
f 1045/668/45 1049/275/45 1047/666/45 1048/665/45
f 1050/669/46 1053/160/46 1054/161/46 1056/670/46
f 1051/671/47 1055/672/47 1054/673/47 1053/277/47
f 1052/674/48 1056/675/48 1054/673/48 1055/672/48
f 1057/676/49 1060/677/49 1061/678/49 1063/172/49
f 1058/679/50 1062/680/50 1061/678/50 1060/677/50
f 1059/681/51 1063/172/51 1061/678/51 1062/680/51
f 1064/682/52 1067/177/52 1068/683/52 1070/684/52
f 1065/685/53 1069/686/53 1068/683/53 1067/177/53
f 1066/687/54 1070/684/54 1068/683/54 1069/686/54
f 1071/688/55 1074/184/55 1075/689/55 1077/690/55
f 1072/691/56 1076/692/56 1075/689/56 1074/184/56
f 1073/693/57 1077/690/57 1075/689/57 1076/692/57
f 1078/694/58 1081/695/58 1082/696/58 1084/193/58
f 1079/697/59 1083/698/59 1082/696/59 1081/695/59
f 1080/699/60 1084/193/60 1082/696/60 1083/698/60
f 1043/661/261 1029/643/261 1035/644/261 1046/662/261
f 1046/667/262 1035/649/262 1031/648/262 1044/664/262
f 1030/645/263 1036/652/263 1042/653/263 1034/646/263
f 1034/651/264 1042/658/264 1038/657/264 1031/648/264
f 1037/654/265 1050/669/265 1056/670/265 1041/655/265
f 1041/660/266 1056/675/266 1052/674/266 1038/657/266
f 1051/671/267 1045/668/267 1048/665/267 1055/672/267
f 1055/672/268 1048/665/268 1044/664/268 1052/674/268
f 1071/688/269 1043/661/269 1049/273/269 1074/184/269
f 1074/184/270 1049/275/270 1045/668/270 1072/691/270
f 1050/669/271 1078/694/271 1084/193/271 1053/160/271
f 1053/277/272 1084/193/272 1080/699/272 1051/671/272
f 1079/697/273 1073/693/273 1076/692/273 1083/698/273
f 1083/698/274 1076/692/274 1072/691/274 1080/699/274
f 1057/676/275 1071/688/275 1077/690/275 1060/677/275
f 1060/677/276 1077/690/276 1073/693/276 1058/679/276
f 1078/694/277 1064/682/277 1070/684/277 1081/695/277
f 1081/695/278 1070/684/278 1066/687/278 1079/697/278
f 1065/685/279 1059/681/279 1062/680/279 1069/686/279
f 1069/686/280 1062/680/280 1058/679/280 1066/687/280
f 1029/643/281 1057/676/281 1063/172/281 1032/269/281
f 1032/270/282 1063/172/282 1059/681/282 1030/645/282
f 1064/682/283 1037/654/283 1039/271/283 1067/177/283
f 1067/177/284 1039/138/284 1036/652/284 1065/685/284
f 1043/661/343 1071/688/343 1057/676/343 1029/643/343
f 1031/648/350 1038/657/350 1052/674/350 1044/664/350
f 1059/681/383 1065/685/383 1036/652/383 1030/645/383
f 1078/694/346 1050/669/346 1037/654/346 1064/682/346
f 1045/668/384 1051/671/384 1080/699/384 1072/691/384
f 1073/693/347 1079/697/347 1066/687/347 1058/679/347
usemtl WeaponSteel
f 1365/936/66 1368/937/66 1369/938/66 1371/939/66
f 1366/940/67 1370/941/67 1369/942/67 1368/943/67
f 1367/944/68 1371/945/68 1369/946/68 1370/947/68
f 1372/948/69 1375/949/69 1376/950/69 1378/951/69
f 1373/952/70 1377/953/70 1376/954/70 1375/955/70
f 1374/956/71 1378/957/71 1376/958/71 1377/959/71
f 1385/960/72 1388/961/72 1389/962/72 1391/963/72
f 1386/964/73 1390/965/73 1389/966/73 1388/967/73
f 1387/968/74 1391/969/74 1389/966/74 1390/965/74
f 1392/970/75 1395/971/75 1396/972/75 1398/973/75
f 1393/974/76 1397/975/76 1396/976/76 1395/977/76
f 1394/978/77 1398/979/77 1396/976/77 1397/975/77
f 1417/980/78 1420/981/78 1421/982/78 1423/983/78
f 1418/984/79 1422/985/79 1421/986/79 1420/987/79
f 1419/988/80 1423/989/80 1421/986/80 1422/985/80
f 1424/990/81 1427/991/81 1428/992/81 1430/993/81
f 1425/994/82 1429/995/82 1428/996/82 1427/997/82
f 1426/998/83 1430/999/83 1428/996/83 1429/995/83
f 1437/1000/84 1440/1001/84 1441/1002/84 1443/1003/84
f 1438/1004/85 1442/1005/85 1441/1006/85 1440/1007/85
f 1439/1008/86 1443/1009/86 1441/1006/86 1442/1005/86
f 1444/1010/87 1447/1011/87 1448/1012/87 1450/1013/87
f 1445/1014/88 1449/1015/88 1448/1016/88 1447/1017/88
f 1446/1018/89 1450/1019/89 1448/1016/89 1449/1015/89
f 1463/1020/90 1466/1021/90 1467/1022/90 1469/1023/90
f 1464/1024/91 1468/1025/91 1467/1026/91 1466/1027/91
f 1465/1028/92 1469/1029/92 1467/1026/92 1468/1025/92
f 1470/1030/93 1473/1031/93 1474/1032/93 1476/1033/93
f 1471/1034/94 1475/1035/94 1474/1036/94 1473/1037/94
f 1472/1038/95 1476/1039/95 1474/1036/95 1475/1035/95
f 1367/944/285 1380/1573/285 1381/1574/285 1371/945/285
f 1371/939/286 1381/1575/286 1379/1576/286 1365/936/286
f 1383/1577/287 1373/952/287 1375/955/287 1384/1578/287
f 1384/1579/288 1375/949/288 1372/948/288 1382/1580/288
f 1366/940/289 1374/956/289 1377/959/289 1370/941/289
f 1370/947/290 1377/953/290 1373/952/290 1367/944/290
f 1380/1573/291 1386/964/291 1388/967/291 1381/1574/291
f 1381/1575/292 1388/961/292 1385/960/292 1379/1576/292
f 1394/978/293 1383/1577/293 1384/1578/293 1398/979/293
f 1398/973/294 1384/1579/294 1382/1580/294 1392/970/294
f 1393/974/295 1387/968/295 1390/965/295 1397/975/295
f 1397/975/296 1390/965/296 1386/964/296 1394/978/296
f 1387/968/297 1400/1581/297 1401/1170/297 1391/969/297
f 1391/963/298 1401/1582/298 1399/1583/298 1385/960/298
f 1403/1584/299 1393/974/299 1395/977/299 1404/1174/299
f 1404/1585/300 1395/971/300 1392/970/300 1402/1586/300
f 1400/1581/301 1406/1587/301 1407/1588/301 1401/1170/301
f 1401/1582/302 1407/1589/302 1405/1590/302 1399/1583/302
f 1409/1591/303 1403/1584/303 1404/1174/303 1410/1592/303
f 1410/1593/304 1404/1585/304 1402/1586/304 1408/1594/304
f 1406/1587/305 1412/1595/305 1413/1596/305 1407/1588/305
f 1407/1589/306 1413/1597/306 1411/1598/306 1405/1590/306
f 1415/1599/307 1409/1591/307 1410/1592/307 1416/1600/307
f 1416/1601/308 1410/1593/308 1408/1594/308 1414/1602/308
f 1412/1595/309 1418/984/309 1420/987/309 1413/1596/309
f 1413/1597/310 1420/981/310 1417/980/310 1411/1598/310
f 1426/998/311 1415/1599/311 1416/1600/311 1430/999/311
f 1430/993/312 1416/1601/312 1414/1602/312 1424/990/312
f 1425/994/313 1419/988/313 1422/985/313 1429/995/313
f 1429/995/314 1422/985/314 1418/984/314 1426/998/314
f 1419/988/315 1432/1603/315 1433/1604/315 1423/989/315
f 1423/983/316 1433/1605/316 1431/1606/316 1417/980/316
f 1435/1607/317 1425/994/317 1427/997/317 1436/1608/317
f 1436/1609/318 1427/991/318 1424/990/318 1434/1610/318
f 1432/1603/319 1438/1004/319 1440/1007/319 1433/1604/319
f 1433/1605/320 1440/1001/320 1437/1000/320 1431/1606/320
f 1446/1018/321 1435/1607/321 1436/1608/321 1450/1019/321
f 1450/1013/322 1436/1609/322 1434/1610/322 1444/1010/322
f 1445/1014/323 1439/1008/323 1442/1005/323 1449/1015/323
f 1449/1015/324 1442/1005/324 1438/1004/324 1446/1018/324
f 1439/1008/325 1452/1611/325 1453/1612/325 1443/1009/325
f 1443/1003/326 1453/1613/326 1451/1614/326 1437/1000/326
f 1455/1615/327 1445/1014/327 1447/1017/327 1456/1616/327
f 1456/1617/328 1447/1011/328 1444/1010/328 1454/1618/328
f 1452/1611/329 1458/1619/329 1459/1620/329 1453/1612/329
f 1453/1613/330 1459/1621/330 1457/1622/330 1451/1614/330
f 1461/1623/331 1455/1615/331 1456/1616/331 1462/1624/331
f 1462/1625/332 1456/1617/332 1454/1618/332 1460/1626/332
f 1458/1619/333 1464/1024/333 1466/1027/333 1459/1620/333
f 1459/1621/334 1466/1021/334 1463/1020/334 1457/1622/334
f 1472/1038/335 1461/1623/335 1462/1624/335 1476/1039/335
f 1476/1033/336 1462/1625/336 1460/1626/336 1470/1030/336
f 1471/1034/337 1465/1028/337 1468/1025/337 1475/1035/337
f 1475/1035/338 1468/1025/338 1464/1024/338 1472/1038/338
f 1465/1028/339 1366/940/339 1368/943/339 1469/1029/339
f 1469/1023/340 1368/937/340 1365/936/340 1463/1020/340
f 1374/956/341 1471/1034/341 1473/1037/341 1378/957/341
f 1378/951/342 1473/1031/342 1470/1030/342 1372/948/342
f 1365/936/385 1379/1576/385 1385/960/385 1399/1583/385 1405/1590/385 1411/1598/385 1417/980/385 1431/1606/385 1437/1000/385 1451/1614/385 1457/1622/385 1463/1020/385
f 1367/944/386 1373/952/386 1383/1577/386 1380/1573/386
f 1465/1028/343 1471/1034/343 1374/956/343 1366/940/343
f 1382/1580/387 1372/948/387 1470/1030/387 1460/1626/387 1454/1618/387 1444/1010/387 1434/1610/387 1424/990/387 1414/1602/387 1408/1594/387 1402/1586/387 1392/970/387
f 1380/1573/388 1383/1577/388 1394/978/388 1386/964/388
f 1387/968/389 1393/974/389 1403/1584/389 1400/1581/389
f 1400/1581/390 1403/1584/390 1409/1591/390 1406/1587/390
f 1406/1587/391 1409/1591/391 1415/1599/391 1412/1595/391
f 1412/1595/392 1415/1599/392 1426/998/392 1418/984/392
f 1419/988/393 1425/994/393 1435/1607/393 1432/1603/393
f 1432/1603/394 1435/1607/394 1446/1018/394 1438/1004/394
f 1439/1008/395 1445/1014/395 1455/1615/395 1452/1611/395
f 1452/1611/396 1455/1615/396 1461/1623/396 1458/1619/396
f 1458/1619/397 1461/1623/397 1472/1038/397 1464/1024/397
